發生日期時間(對照組),事故詳細地址(對照組),對齊縣市,當日降雨量(mm),最大瞬間風速(m/s),當日最高氣溫(°C),當日最低氣溫(°C)
105/03/04 12:00,新北市板橋區文化路二段196號,臺北市,11.7,12.4,34.5,27.9
105/02/11 08:00,臺北市內湖區瑞光路162號,臺北市,14.2,3.0,32.5,27.9
105/11/21 16:00,臺中市西屯區台灣大道三段141號,臺北市,0.9,3.6,31.1,26.6
105/10/16 09:00,高雄市苓雅區四維四路379號,臺北市,6.7,6.6,26.4,22.2
105/11/24 13:00,臺南市安平區永華路二段423號,臺北市,5.1,1.0,27.9,19.9
105/10/17 14:00,新竹市東區光復路二段339號,臺北市,2.4,1.9,35.2,29.8
105/10/06 10:00,臺中市西屯區台灣大道三段384號,臺北市,1.7,11.1,29.8,24.9
105/07/12 14:00,高雄市苓雅區四維四路55號,臺北市,3.7,6.6,32.8,28.6
105/04/14 17:00,桃園市中壢區中正路185號,臺北市,1.2,10.0,34.7,30.7
105/06/28 10:00,臺中市西屯區台灣大道三段499號,臺北市,14.3,4.0,35.3,30.5
105/11/25 15:00,新北市板橋區文化路二段292號,臺北市,14.3,2.6,28.2,22.2
105/08/25 15:00,臺南市安平區永華路二段239號,臺北市,13.8,9.8,32.2,26.0
105/11/04 08:00,臺北市內湖區瑞光路362號,臺北市,9.1,6.5,35.0,30.8
105/05/15 17:00,臺南市安平區永華路二段469號,臺北市,2.3,3.0,30.9,24.1
105/06/16 16:00,臺中市西屯區台灣大道三段323號,臺北市,9.7,2.6,28.5,22.8
105/06/25 17:00,臺中市西屯區台灣大道三段52號,臺北市,0.6,11.8,32.1,26.2
105/05/16 16:00,臺南市安平區永華路二段197號,臺北市,5.6,10.1,32.1,25.3
105/04/28 13:00,臺中市西屯區台灣大道三段324號,臺北市,1.8,1.3,25.7,20.8
105/04/05 12:00,高雄市苓雅區四維四路26號,臺北市,9.2,4.7,34.1,29.2
105/11/07 09:00,臺南市安平區永華路二段328號,臺北市,8.9,3.6,35.4,30.1
105/12/21 15:00,臺中市西屯區台灣大道三段314號,臺北市,10.5,8.9,33.4,26.9
105/06/16 15:00,新北市板橋區文化路二段133號,臺北市,7.4,13.1,29.9,24.4
105/09/26 17:00,桃園市中壢區中正路337號,臺北市,6.2,14.1,28.7,22.5
105/06/25 16:00,桃園市中壢區中正路444號,臺北市,12.3,1.7,34.2,26.4
105/03/16 14:00,臺中市西屯區台灣大道三段318號,臺北市,6.6,1.1,28.4,23.7
105/01/11 10:00,高雄市苓雅區四維四路89號,臺北市,4.7,5.2,32.4,27.0
105/01/27 17:00,臺中市西屯區台灣大道三段110號,臺北市,6.8,3.2,35.0,28.7
105/05/24 09:00,新竹市東區光復路二段265號,臺北市,8.7,12.5,30.4,23.4
105/04/09 11:00,臺中市西屯區台灣大道三段375號,臺北市,5.2,13.7,36.0,31.8
105/06/28 09:00,桃園市中壢區中正路263號,臺北市,4.1,13.8,29.4,22.4
105/01/01 14:00,臺中市西屯區台灣大道三段429號,臺北市,11.9,10.3,33.6,29.6
105/04/16 09:00,臺南市安平區永華路二段323號,臺北市,1.2,10.6,29.2,21.6
105/12/27 09:00,高雄市苓雅區四維四路181號,臺北市,13.8,13.8,34.9,29.6
105/12/17 13:00,臺南市安平區永華路二段438號,臺北市,4.0,2.4,29.8,22.0
105/09/24 13:00,臺北市內湖區瑞光路435號,臺北市,9.1,14.0,26.2,19.9
105/01/03 08:00,臺北市內湖區瑞光路383號,臺北市,13.3,3.9,29.3,24.7
105/09/14 11:00,高雄市苓雅區四維四路161號,臺北市,3.3,7.0,28.6,24.3
105/03/08 14:00,高雄市苓雅區四維四路263號,臺北市,7.7,7.3,28.6,22.4
105/02/11 11:00,臺北市內湖區瑞光路90號,臺北市,14.8,2.1,35.9,29.7
105/08/16 08:00,高雄市苓雅區四維四路312號,臺北市,13.9,11.7,35.2,29.6
105/07/05 17:00,新北市板橋區文化路二段55號,臺北市,14.5,13.0,33.1,27.9
105/01/27 15:00,臺中市西屯區台灣大道三段479號,臺北市,12.8,4.9,35.1,31.0
105/05/07 08:00,新竹市東區光復路二段460號,臺北市,1.1,6.9,31.0,23.8
105/06/28 12:00,新竹市東區光復路二段443號,臺北市,10.2,13.2,33.0,26.7
105/06/15 15:00,臺南市安平區永華路二段476號,臺北市,9.9,11.2,29.2,22.6
105/08/22 11:00,臺中市西屯區台灣大道三段32號,臺北市,3.2,13.6,28.6,20.9
105/03/27 12:00,桃園市中壢區中正路447號,臺北市,7.2,2.9,35.6,29.4
105/01/28 11:00,臺南市安平區永華路二段112號,臺北市,12.3,8.5,31.2,24.8
105/09/24 11:00,臺北市內湖區瑞光路482號,臺北市,9.9,2.5,31.3,23.6
105/03/14 16:00,臺北市內湖區瑞光路241號,臺北市,5.3,10.8,33.0,26.2
105/09/09 11:00,新北市板橋區文化路二段54號,臺北市,13.7,4.1,33.6,25.7
105/02/16 11:00,臺中市西屯區台灣大道三段468號,臺北市,13.0,14.0,28.5,22.6
105/03/13 10:00,新竹市東區光復路二段109號,臺北市,14.6,3.7,32.1,27.5
105/11/26 08:00,臺北市內湖區瑞光路151號,臺北市,14.2,7.9,36.0,29.1
105/12/18 14:00,臺南市安平區永華路二段148號,臺北市,7.8,1.1,28.1,22.4
105/03/26 13:00,臺北市內湖區瑞光路313號,臺北市,11.3,5.5,29.2,24.9
105/09/14 10:00,新竹市東區光復路二段94號,臺北市,14.8,13.1,34.1,27.1
105/04/08 14:00,臺北市內湖區瑞光路337號,臺北市,1.2,8.5,34.5,26.6
105/09/13 15:00,新北市板橋區文化路二段315號,臺北市,4.0,7.0,25.5,18.2
105/02/17 12:00,高雄市苓雅區四維四路45號,臺北市,8.6,7.7,33.4,27.0
105/07/22 09:00,臺南市安平區永華路二段82號,臺北市,10.3,12.5,34.9,27.7
105/01/12 11:00,臺北市內湖區瑞光路11號,臺北市,14.6,9.3,28.6,22.4
105/12/03 09:00,桃園市中壢區中正路50號,臺北市,11.1,11.2,33.7,25.9
105/02/05 17:00,臺中市西屯區台灣大道三段446號,臺北市,3.7,14.8,35.3,28.5
105/07/02 09:00,新北市板橋區文化路二段280號,臺北市,6.1,6.4,31.3,24.1
105/12/22 15:00,新竹市東區光復路二段436號,臺北市,14.4,7.6,28.9,22.6
105/06/10 16:00,新北市板橋區文化路二段219號,臺北市,11.0,13.5,29.0,22.2
105/06/02 14:00,高雄市苓雅區四維四路55號,臺北市,10.6,9.7,32.7,26.5
105/12/20 17:00,新竹市東區光復路二段499號,臺北市,8.4,14.9,28.8,21.0
105/09/14 14:00,臺北市內湖區瑞光路71號,臺北市,9.6,13.6,31.9,27.3
105/04/20 17:00,臺中市西屯區台灣大道三段322號,臺北市,0.5,8.6,33.6,29.3
105/01/01 16:00,臺中市西屯區台灣大道三段333號,臺北市,13.0,14.4,34.4,29.0
105/11/28 15:00,高雄市苓雅區四維四路56號,臺北市,12.3,2.1,32.5,28.4
105/10/02 08:00,新竹市東區光復路二段195號,臺北市,7.0,11.8,26.1,18.5
105/04/23 09:00,新北市板橋區文化路二段332號,臺北市,5.4,2.6,33.1,27.0
105/10/13 14:00,臺中市西屯區台灣大道三段485號,臺北市,11.5,6.6,30.8,25.5
105/12/02 17:00,新北市板橋區文化路二段351號,臺北市,7.9,12.6,33.4,28.9
105/11/04 10:00,新竹市東區光復路二段226號,臺北市,2.8,12.5,29.1,24.2
105/09/03 12:00,桃園市中壢區中正路340號,臺北市,1.8,2.2,25.2,19.8
105/10/21 11:00,桃園市中壢區中正路357號,臺北市,5.5,1.8,34.3,30.1
105/05/02 14:00,臺北市內湖區瑞光路54號,臺北市,0.4,6.6,33.7,26.3
105/04/27 09:00,臺北市內湖區瑞光路403號,臺北市,2.6,12.6,25.7,20.6
105/07/07 17:00,臺北市內湖區瑞光路211號,臺北市,0.5,13.4,33.2,28.6
105/01/25 16:00,新竹市東區光復路二段203號,臺北市,10.5,1.2,33.8,29.5
105/12/05 09:00,桃園市中壢區中正路17號,臺北市,1.3,11.4,34.0,27.4
105/01/13 12:00,桃園市中壢區中正路295號,臺北市,0.8,7.2,32.5,25.8
105/03/08 09:00,桃園市中壢區中正路171號,臺北市,9.9,12.5,26.0,18.8
105/04/27 10:00,臺北市內湖區瑞光路132號,臺北市,3.4,11.1,28.3,21.3
105/07/06 16:00,桃園市中壢區中正路90號,臺北市,10.6,2.4,35.2,29.6
105/05/03 17:00,臺北市內湖區瑞光路490號,臺北市,6.3,13.3,27.6,21.7
105/07/18 15:00,新竹市東區光復路二段59號,臺北市,3.3,11.4,29.4,24.1
105/07/22 16:00,臺北市內湖區瑞光路202號,臺北市,0.8,12.0,28.2,22.5
105/10/14 15:00,新竹市東區光復路二段484號,臺北市,14.5,11.3,27.4,21.8
105/07/01 16:00,新竹市東區光復路二段54號,臺北市,11.0,3.3,30.5,24.4
106/11/02 16:00,新北市板橋區文化路二段145號,臺北市,6.2,3.0,33.2,26.7
106/08/06 10:00,臺北市內湖區瑞光路436號,臺北市,13.3,13.9,32.2,24.4
106/04/26 15:00,臺南市安平區永華路二段183號,臺北市,9.9,9.6,32.6,27.4
106/04/10 15:00,臺南市安平區永華路二段356號,臺北市,5.2,5.3,32.1,26.4
106/05/03 15:00,臺南市安平區永華路二段306號,臺北市,5.6,13.5,34.3,28.8
106/10/14 12:00,臺南市安平區永華路二段379號,臺北市,13.4,7.7,34.8,27.8
106/04/11 14:00,新北市板橋區文化路二段214號,臺北市,8.7,1.8,34.9,27.6
106/09/14 12:00,桃園市中壢區中正路113號,臺北市,9.9,7.4,27.3,23.0
106/10/09 14:00,新竹市東區光復路二段160號,臺北市,12.7,2.6,30.0,22.8
106/11/18 09:00,臺中市西屯區台灣大道三段267號,臺北市,5.5,12.8,27.2,22.3
106/06/07 17:00,新竹市東區光復路二段315號,臺北市,0.3,7.1,31.8,26.4
106/02/17 16:00,高雄市苓雅區四維四路8號,臺北市,9.4,13.7,25.2,17.9
106/06/13 15:00,臺南市安平區永華路二段59號,臺北市,1.8,3.1,28.3,24.0
106/12/22 13:00,桃園市中壢區中正路1號,臺北市,13.0,13.9,35.0,27.2
106/04/01 10:00,臺南市安平區永華路二段485號,臺北市,2.3,15.0,31.5,23.9
106/09/09 11:00,新北市板橋區文化路二段290號,臺北市,12.8,8.7,35.5,28.1
106/09/14 08:00,新竹市東區光復路二段289號,臺北市,13.9,14.1,35.8,27.9
106/11/04 12:00,新北市板橋區文化路二段355號,臺北市,2.0,3.4,27.9,20.9
106/01/19 11:00,新竹市東區光復路二段366號,臺北市,6.4,14.6,32.2,27.5
106/01/17 09:00,臺北市內湖區瑞光路254號,臺北市,6.7,13.1,32.8,25.2
106/09/18 12:00,新竹市東區光復路二段413號,臺北市,13.7,3.7,35.1,28.5
106/02/17 12:00,臺北市內湖區瑞光路382號,臺北市,9.0,10.6,29.5,22.7
106/02/01 16:00,臺中市西屯區台灣大道三段355號,臺北市,14.7,12.3,29.6,23.2
106/10/23 08:00,桃園市中壢區中正路151號,臺北市,0.8,9.1,27.3,19.8
106/06/24 13:00,臺南市安平區永華路二段296號,臺北市,13.0,8.4,29.5,24.8
106/04/10 16:00,桃園市中壢區中正路182號,臺北市,4.4,14.4,27.4,22.7
106/10/16 11:00,臺南市安平區永華路二段374號,臺北市,13.9,3.0,33.8,27.2
106/01/14 10:00,臺中市西屯區台灣大道三段421號,臺北市,13.8,8.9,25.1,20.3
106/06/18 17:00,新北市板橋區文化路二段114號,臺北市,8.6,14.9,32.9,27.2
106/12/08 10:00,臺南市安平區永華路二段92號,臺北市,0.7,5.1,26.4,19.6
106/05/20 12:00,桃園市中壢區中正路246號,臺北市,3.1,6.9,28.4,22.6
106/07/14 08:00,高雄市苓雅區四維四路83號,臺北市,9.8,2.0,35.6,30.8
106/07/19 15:00,臺南市安平區永華路二段408號,臺北市,11.1,3.3,34.5,26.9
106/12/22 15:00,新竹市東區光復路二段390號,臺北市,13.8,11.4,30.2,23.8
106/01/18 16:00,臺中市西屯區台灣大道三段133號,臺北市,14.0,2.1,31.7,24.7
106/02/03 13:00,臺南市安平區永華路二段452號,臺北市,3.0,12.9,28.7,23.7
106/03/07 15:00,新竹市東區光復路二段196號,臺北市,12.8,3.1,33.8,29.3
106/08/09 17:00,臺中市西屯區台灣大道三段128號,臺北市,5.7,13.1,32.7,26.3
106/09/06 16:00,新北市板橋區文化路二段69號,臺北市,1.6,6.0,32.7,27.0
106/11/23 14:00,臺中市西屯區台灣大道三段254號,臺北市,0.5,14.5,26.8,22.7
106/01/12 17:00,臺北市內湖區瑞光路40號,臺北市,5.6,8.4,27.5,21.5
106/08/01 12:00,臺北市內湖區瑞光路396號,臺北市,9.9,5.0,34.3,30.0
106/07/26 16:00,臺中市西屯區台灣大道三段69號,臺北市,2.3,2.6,30.9,26.7
106/01/18 08:00,臺中市西屯區台灣大道三段212號,臺北市,12.2,2.1,27.9,21.7
106/04/13 14:00,桃園市中壢區中正路129號,臺北市,3.9,3.6,28.0,22.2
106/11/05 13:00,桃園市中壢區中正路112號,臺北市,14.6,11.9,30.4,25.8
106/06/12 14:00,新北市板橋區文化路二段419號,臺北市,10.4,10.2,32.9,27.0
106/07/18 11:00,新竹市東區光復路二段54號,臺北市,0.7,4.7,34.7,29.2
106/05/24 17:00,新北市板橋區文化路二段96號,臺北市,5.8,13.7,29.0,23.0
106/04/22 10:00,高雄市苓雅區四維四路283號,臺北市,3.5,11.2,34.9,27.9
106/08/13 14:00,新北市板橋區文化路二段382號,臺北市,4.9,13.6,25.5,21.2
106/03/20 12:00,臺北市內湖區瑞光路406號,臺北市,1.5,14.2,26.1,21.0
106/09/23 09:00,高雄市苓雅區四維四路129號,臺北市,11.8,6.5,30.0,24.3
106/03/01 17:00,臺中市西屯區台灣大道三段358號,臺北市,13.5,11.2,28.6,23.2
106/04/24 11:00,臺南市安平區永華路二段63號,臺北市,7.9,7.2,28.6,24.5
106/01/13 13:00,臺北市內湖區瑞光路94號,臺北市,3.0,5.0,25.7,21.6
106/09/24 14:00,桃園市中壢區中正路455號,臺北市,14.2,13.4,32.8,27.3
106/01/20 13:00,高雄市苓雅區四維四路406號,臺北市,12.7,9.2,30.6,23.9
106/11/28 12:00,臺中市西屯區台灣大道三段291號,臺北市,11.7,12.1,25.5,18.0
106/01/26 10:00,新北市板橋區文化路二段80號,臺北市,5.9,6.9,28.2,23.1
106/05/26 16:00,臺南市安平區永華路二段286號,臺北市,11.1,9.1,31.6,25.5
106/11/09 15:00,高雄市苓雅區四維四路101號,臺北市,14.6,12.1,33.1,28.7
106/09/17 13:00,臺南市安平區永華路二段182號,臺北市,12.9,13.8,25.7,19.5
106/06/19 11:00,新竹市東區光復路二段458號,臺北市,3.8,12.3,35.4,27.6
106/06/16 13:00,高雄市苓雅區四維四路364號,臺北市,13.2,7.9,30.2,22.7
106/07/08 16:00,桃園市中壢區中正路299號,臺北市,4.2,14.3,28.8,23.4
106/08/21 14:00,臺北市內湖區瑞光路276號,臺北市,9.9,8.5,27.7,19.7
106/11/19 09:00,新竹市東區光復路二段219號,臺北市,9.5,2.8,27.5,21.8
106/02/28 08:00,臺北市內湖區瑞光路94號,臺北市,1.5,10.6,34.5,27.5
106/01/12 17:00,臺中市西屯區台灣大道三段10號,臺北市,5.0,5.8,25.2,19.1
106/06/28 17:00,新北市板橋區文化路二段312號,臺北市,10.6,1.1,34.4,30.0
106/04/12 12:00,新北市板橋區文化路二段104號,臺北市,12.6,6.2,25.3,18.2
106/01/06 16:00,臺中市西屯區台灣大道三段299號,臺北市,8.3,12.5,32.2,25.3
106/10/11 15:00,桃園市中壢區中正路425號,臺北市,8.5,1.9,32.1,26.8
106/11/12 13:00,臺北市內湖區瑞光路317號,臺北市,3.4,12.3,29.0,22.1
106/10/05 10:00,新北市板橋區文化路二段307號,臺北市,12.9,9.1,26.1,20.6
106/04/02 12:00,臺中市西屯區台灣大道三段153號,臺北市,4.5,13.6,27.9,22.2
106/04/28 13:00,高雄市苓雅區四維四路465號,臺北市,14.1,11.9,30.1,25.5
106/02/24 15:00,高雄市苓雅區四維四路14號,臺北市,4.5,4.2,33.1,26.3
106/09/12 12:00,新北市板橋區文化路二段135號,臺北市,7.8,10.8,29.6,22.3
106/07/01 17:00,新北市板橋區文化路二段287號,臺北市,7.9,6.2,30.7,24.8
106/08/22 12:00,新北市板橋區文化路二段130號,臺北市,14.1,8.3,33.3,27.7
106/10/18 10:00,高雄市苓雅區四維四路283號,臺北市,9.6,11.5,33.3,28.0
106/11/26 14:00,高雄市苓雅區四維四路400號,臺北市,12.4,7.3,34.7,26.9
106/09/09 13:00,新北市板橋區文化路二段255號,臺北市,6.2,10.3,29.1,24.9
106/07/08 09:00,臺中市西屯區台灣大道三段438號,臺北市,4.8,14.7,35.4,30.5
106/11/18 10:00,新北市板橋區文化路二段414號,臺北市,2.5,1.5,28.3,24.0
106/02/27 13:00,臺中市西屯區台灣大道三段114號,臺北市,12.4,5.2,31.5,26.2
106/08/04 11:00,高雄市苓雅區四維四路109號,臺北市,14.1,12.1,28.4,24.2
106/03/03 09:00,新北市板橋區文化路二段335號,臺北市,3.3,3.9,31.0,23.5
106/05/24 10:00,新竹市東區光復路二段474號,臺北市,3.8,11.7,25.9,18.9
106/04/15 09:00,桃園市中壢區中正路120號,臺北市,3.7,6.9,33.3,27.7
106/10/14 13:00,高雄市苓雅區四維四路265號,臺北市,5.1,10.5,26.6,21.9
106/02/08 17:00,高雄市苓雅區四維四路45號,臺北市,12.3,3.6,35.8,30.7
106/07/16 11:00,新北市板橋區文化路二段292號,臺北市,1.3,6.3,25.6,17.9
106/01/02 08:00,高雄市苓雅區四維四路206號,臺北市,0.4,13.3,34.1,28.3
106/09/04 14:00,臺中市西屯區台灣大道三段333號,臺北市,3.6,3.3,32.1,25.4
106/03/17 09:00,桃園市中壢區中正路489號,臺北市,1.6,2.0,29.0,21.2
106/09/06 16:00,臺中市西屯區台灣大道三段122號,臺北市,6.5,11.7,35.2,29.1
106/12/15 11:00,桃園市中壢區中正路90號,臺北市,2.7,13.0,35.5,29.6
106/07/05 17:00,臺中市西屯區台灣大道三段147號,臺北市,1.9,12.2,32.0,24.2
106/08/06 16:00,臺南市安平區永華路二段432號,臺北市,0.5,10.5,27.1,20.9
106/12/05 09:00,新北市板橋區文化路二段249號,臺北市,3.6,14.4,28.1,22.8
106/08/03 09:00,臺北市內湖區瑞光路147號,臺北市,10.2,2.7,29.4,22.7
106/05/14 09:00,新竹市東區光復路二段159號,臺北市,7.0,1.0,34.1,26.7
106/05/17 09:00,臺南市安平區永華路二段8號,臺北市,13.4,7.0,30.1,24.4
106/05/02 15:00,臺北市內湖區瑞光路42號,臺北市,6.4,1.8,28.8,23.4
107/06/03 11:00,臺北市內湖區瑞光路467號,臺北市,0.8,9.5,28.9,22.3
107/01/13 11:00,新竹市東區光復路二段55號,臺北市,8.5,13.8,31.5,24.3
107/02/20 12:00,桃園市中壢區中正路494號,臺北市,13.2,12.4,35.5,28.6
107/01/12 09:00,臺南市安平區永華路二段17號,臺北市,0.3,6.8,34.5,27.9
107/07/02 09:00,桃園市中壢區中正路212號,臺北市,14.1,11.5,33.7,27.4
107/12/25 13:00,臺北市內湖區瑞光路317號,臺北市,5.9,11.8,25.3,17.7
107/10/24 16:00,高雄市苓雅區四維四路146號,臺北市,6.8,5.7,35.6,30.9
107/07/05 16:00,臺北市內湖區瑞光路372號,臺北市,13.6,12.0,27.4,22.0
107/04/16 13:00,新北市板橋區文化路二段104號,臺北市,13.3,14.6,31.0,26.4
107/11/04 11:00,臺北市內湖區瑞光路390號,臺北市,1.0,7.0,30.7,26.5
107/03/04 12:00,桃園市中壢區中正路444號,臺北市,1.8,3.2,30.2,24.4
107/08/14 12:00,新北市板橋區文化路二段47號,臺北市,3.2,6.9,35.9,29.9
107/08/05 15:00,新竹市東區光復路二段473號,臺北市,6.7,10.9,25.3,20.3
107/10/06 08:00,臺中市西屯區台灣大道三段432號,臺北市,0.6,12.3,33.6,26.6
107/07/21 11:00,高雄市苓雅區四維四路306號,臺北市,10.4,2.8,28.0,22.1
107/10/27 15:00,新竹市東區光復路二段399號,臺北市,12.4,1.1,33.3,29.0
107/06/18 09:00,臺中市西屯區台灣大道三段350號,臺北市,8.2,4.6,28.3,20.5
107/07/25 12:00,桃園市中壢區中正路479號,臺北市,14.9,14.7,35.1,28.8
107/02/14 12:00,臺北市內湖區瑞光路472號,臺北市,0.3,4.4,28.9,22.1
107/12/06 13:00,臺中市西屯區台灣大道三段259號,臺北市,3.2,7.2,33.6,25.8
107/04/22 09:00,新竹市東區光復路二段87號,臺北市,7.0,11.5,34.8,29.7
107/01/28 13:00,新北市板橋區文化路二段495號,臺北市,9.0,9.7,27.5,20.5
107/11/15 16:00,臺北市內湖區瑞光路144號,臺北市,14.0,2.1,33.6,29.0
107/06/24 15:00,桃園市中壢區中正路130號,臺北市,14.7,7.9,26.7,21.4
107/10/13 11:00,臺北市內湖區瑞光路242號,臺北市,12.4,10.8,31.9,26.1
107/06/20 14:00,臺中市西屯區台灣大道三段403號,臺北市,1.4,2.0,32.8,28.2
107/11/05 12:00,臺中市西屯區台灣大道三段7號,臺北市,13.5,9.7,28.1,20.7
107/03/23 13:00,新北市板橋區文化路二段316號,臺北市,6.2,10.1,26.6,22.0
107/08/22 16:00,新竹市東區光復路二段491號,臺北市,1.8,9.4,32.3,26.7
107/10/25 14:00,新竹市東區光復路二段325號,臺北市,14.9,9.6,35.8,30.1
107/11/10 16:00,臺北市內湖區瑞光路312號,臺北市,6.6,5.0,33.7,27.9
107/01/19 14:00,高雄市苓雅區四維四路12號,臺北市,11.9,9.3,25.9,20.2
107/10/22 14:00,高雄市苓雅區四維四路146號,臺北市,12.9,2.9,34.8,27.6
107/07/05 11:00,高雄市苓雅區四維四路289號,臺北市,12.3,6.1,32.2,27.5
107/07/24 11:00,新北市板橋區文化路二段286號,臺北市,10.3,1.5,25.9,19.2
107/04/11 12:00,臺南市安平區永華路二段492號,臺北市,12.2,7.1,29.1,24.3
107/04/18 12:00,新竹市東區光復路二段129號,臺北市,10.1,8.1,35.0,27.1
107/03/02 12:00,新竹市東區光復路二段264號,臺北市,13.3,1.7,34.7,28.4
107/03/14 15:00,新北市板橋區文化路二段220號,臺北市,3.2,5.1,35.7,28.7
107/05/08 13:00,新竹市東區光復路二段388號,臺北市,6.2,8.4,30.4,25.9
107/07/17 12:00,桃園市中壢區中正路315號,臺北市,15.0,10.7,28.0,23.7
107/02/12 11:00,臺北市內湖區瑞光路161號,臺北市,6.9,12.8,30.0,23.1
107/01/12 12:00,桃園市中壢區中正路261號,臺北市,3.9,13.5,29.0,22.0
107/03/24 12:00,高雄市苓雅區四維四路317號,臺北市,2.6,14.7,29.1,21.6
107/10/03 11:00,高雄市苓雅區四維四路368號,臺北市,12.6,3.9,35.1,28.3
107/09/28 12:00,新竹市東區光復路二段417號,臺北市,1.8,5.5,31.4,26.5
107/07/18 09:00,新北市板橋區文化路二段231號,臺北市,6.9,11.7,28.1,21.7
107/06/21 15:00,新竹市東區光復路二段461號,臺北市,0.8,9.2,35.9,31.4
107/04/21 08:00,臺北市內湖區瑞光路419號,臺北市,4.1,1.3,33.6,26.2
107/02/19 09:00,臺中市西屯區台灣大道三段136號,臺北市,14.8,1.5,34.0,27.2
107/03/18 13:00,新北市板橋區文化路二段53號,臺北市,11.6,7.1,30.0,24.5
107/10/23 15:00,臺北市內湖區瑞光路309號,臺北市,10.0,3.5,28.2,20.6
107/05/01 10:00,臺中市西屯區台灣大道三段63號,臺北市,14.3,7.7,27.3,19.6
107/07/02 11:00,新北市板橋區文化路二段274號,臺北市,13.8,11.7,34.6,28.8
107/10/21 08:00,臺北市內湖區瑞光路345號,臺北市,13.2,1.9,27.7,22.5
107/08/09 14:00,臺中市西屯區台灣大道三段252號,臺北市,2.4,5.5,34.2,29.5
107/12/28 16:00,高雄市苓雅區四維四路458號,臺北市,4.3,1.5,31.5,24.7
107/01/10 16:00,臺中市西屯區台灣大道三段112號,臺北市,10.2,9.8,29.2,24.8
107/01/14 11:00,新北市板橋區文化路二段404號,臺北市,6.6,14.1,26.7,20.9
107/08/11 16:00,臺中市西屯區台灣大道三段273號,臺北市,14.7,8.8,34.9,28.1
107/08/10 17:00,臺中市西屯區台灣大道三段259號,臺北市,0.7,6.0,33.2,26.2
107/11/15 12:00,高雄市苓雅區四維四路454號,臺北市,1.9,1.5,30.9,23.7
107/02/09 17:00,新北市板橋區文化路二段81號,臺北市,7.9,11.0,30.8,22.9
107/01/26 14:00,臺南市安平區永華路二段389號,臺北市,3.8,7.6,29.9,24.6
107/02/03 12:00,高雄市苓雅區四維四路119號,臺北市,12.2,14.7,33.4,29.3
107/07/07 17:00,臺南市安平區永華路二段287號,臺北市,15.0,13.1,35.1,28.3
107/07/10 13:00,新北市板橋區文化路二段425號,臺北市,2.2,5.5,28.6,23.2
107/07/22 10:00,臺中市西屯區台灣大道三段383號,臺北市,7.2,5.9,33.7,26.4
107/10/03 09:00,桃園市中壢區中正路45號,臺北市,5.2,3.3,33.9,27.0
107/08/14 16:00,高雄市苓雅區四維四路79號,臺北市,9.4,13.1,35.6,30.6
107/09/26 15:00,臺北市內湖區瑞光路181號,臺北市,4.4,1.1,29.1,24.7
107/03/03 14:00,臺中市西屯區台灣大道三段337號,臺北市,2.8,14.9,27.9,23.4
107/10/10 08:00,臺中市西屯區台灣大道三段4號,臺北市,8.1,2.7,35.6,27.7
107/10/20 08:00,高雄市苓雅區四維四路245號,臺北市,2.9,7.9,31.4,25.1
107/09/19 11:00,新北市板橋區文化路二段295號,臺北市,4.9,11.6,26.8,20.4
107/07/28 14:00,新竹市東區光復路二段336號,臺北市,10.2,8.4,28.0,23.2
107/12/03 08:00,臺南市安平區永華路二段83號,臺北市,7.0,13.3,25.9,18.0
107/06/01 08:00,臺中市西屯區台灣大道三段467號,臺北市,11.4,10.8,27.3,19.4
107/10/01 10:00,臺北市內湖區瑞光路358號,臺北市,9.3,8.2,34.0,27.7
107/02/04 13:00,桃園市中壢區中正路498號,臺北市,14.0,13.9,30.2,22.7
107/09/03 09:00,新竹市東區光復路二段152號,臺北市,4.5,13.1,25.7,18.4
107/08/03 13:00,臺北市內湖區瑞光路33號,臺北市,6.8,6.0,34.6,29.1
107/03/15 17:00,高雄市苓雅區四維四路441號,臺北市,6.2,1.8,25.5,18.4
107/12/16 14:00,臺中市西屯區台灣大道三段212號,臺北市,6.9,2.7,33.1,28.9
107/05/05 09:00,新竹市東區光復路二段213號,臺北市,14.3,10.0,27.1,20.5
107/02/25 11:00,臺南市安平區永華路二段351號,臺北市,8.5,13.1,33.5,27.1
107/08/27 11:00,臺北市內湖區瑞光路77號,臺北市,0.2,2.4,30.7,24.0
107/12/01 10:00,臺北市內湖區瑞光路392號,臺北市,11.5,9.9,33.8,27.5
107/04/13 16:00,臺南市安平區永華路二段66號,臺北市,11.3,7.3,25.8,20.1
107/11/07 11:00,新北市板橋區文化路二段113號,臺北市,11.0,10.3,34.5,27.0
107/01/09 09:00,高雄市苓雅區四維四路222號,臺北市,2.3,6.3,26.8,21.8
107/06/23 16:00,臺南市安平區永華路二段47號,臺北市,8.7,14.4,28.6,21.2
107/04/24 14:00,高雄市苓雅區四維四路332號,臺北市,10.1,10.0,34.0,28.5
107/04/24 15:00,臺中市西屯區台灣大道三段236號,臺北市,1.2,1.5,34.4,28.1
107/03/25 11:00,桃園市中壢區中正路327號,臺北市,4.4,13.4,30.3,25.0
107/12/17 17:00,新竹市東區光復路二段122號,臺北市,9.1,3.0,27.3,21.5
107/07/09 10:00,高雄市苓雅區四維四路365號,臺北市,8.7,9.9,29.8,23.4
107/05/14 14:00,新竹市東區光復路二段450號,臺北市,8.1,8.0,26.5,20.3
107/11/01 11:00,臺中市西屯區台灣大道三段254號,臺北市,4.1,6.7,34.1,28.9
107/11/21 17:00,桃園市中壢區中正路461號,臺北市,13.2,6.2,34.7,29.3
107/01/19 12:00,臺北市內湖區瑞光路267號,臺北市,13.2,12.3,31.1,24.4
107/11/08 10:00,臺北市內湖區瑞光路240號,臺北市,10.7,12.2,34.5,27.2
108/02/08 08:00,臺北市內湖區瑞光路438號,臺北市,3.2,6.7,28.9,21.0
108/12/08 15:00,桃園市中壢區中正路395號,臺北市,8.1,4.0,27.3,23.0
108/12/02 08:00,新竹市東區光復路二段447號,臺北市,2.5,11.7,31.0,26.9
108/04/12 12:00,臺南市安平區永華路二段78號,臺北市,6.9,1.6,34.7,29.5
108/12/12 09:00,臺中市西屯區台灣大道三段376號,臺北市,4.7,10.1,30.1,22.7
108/10/21 16:00,新竹市東區光復路二段211號,臺北市,8.8,8.8,31.7,27.0
108/03/24 10:00,臺南市安平區永華路二段380號,臺北市,13.8,3.3,32.4,25.3
108/12/19 12:00,高雄市苓雅區四維四路212號,臺北市,14.8,13.3,26.8,21.0
108/12/15 14:00,臺北市內湖區瑞光路87號,臺北市,9.9,11.3,34.6,28.4
108/03/20 11:00,新北市板橋區文化路二段346號,臺北市,6.6,6.7,25.7,21.2
108/08/16 08:00,桃園市中壢區中正路64號,臺北市,4.8,8.6,29.9,22.3
108/09/15 11:00,新北市板橋區文化路二段117號,臺北市,0.3,4.0,33.5,25.6
108/07/27 16:00,新北市板橋區文化路二段394號,臺北市,8.4,12.8,26.6,19.7
108/10/03 15:00,新竹市東區光復路二段7號,臺北市,5.4,4.4,31.2,24.3
108/12/28 12:00,臺南市安平區永華路二段130號,臺北市,10.7,13.1,33.3,28.3
108/02/04 09:00,桃園市中壢區中正路380號,臺北市,14.8,6.6,34.9,27.1
108/12/20 12:00,新北市板橋區文化路二段253號,臺北市,0.4,13.0,25.2,20.5
108/11/12 09:00,新北市板橋區文化路二段246號,臺北市,8.9,13.3,30.3,22.7
108/12/06 11:00,新北市板橋區文化路二段430號,臺北市,13.1,9.2,33.2,27.0
108/04/03 11:00,高雄市苓雅區四維四路385號,臺北市,3.3,4.5,32.5,27.8
108/12/21 14:00,桃園市中壢區中正路67號,臺北市,3.5,12.5,25.9,18.1
108/06/04 15:00,新竹市東區光復路二段84號,臺北市,6.0,10.1,31.7,24.9
108/09/23 17:00,新竹市東區光復路二段210號,臺北市,0.9,8.9,30.2,23.6
108/12/24 11:00,臺北市內湖區瑞光路305號,臺北市,9.0,11.9,32.7,27.3
108/11/24 10:00,新北市板橋區文化路二段271號,臺北市,8.0,11.9,27.6,19.7
108/03/28 15:00,桃園市中壢區中正路251號,臺北市,0.5,7.5,28.5,22.8
108/03/26 11:00,新北市板橋區文化路二段67號,臺北市,5.6,5.7,34.6,28.9
108/12/04 12:00,臺北市內湖區瑞光路161號,臺北市,11.8,5.2,28.8,24.3
108/12/14 11:00,臺中市西屯區台灣大道三段9號,臺北市,11.8,13.6,26.9,19.1
108/12/15 17:00,臺北市內湖區瑞光路281號,臺北市,5.6,7.4,27.0,19.3
108/04/07 12:00,高雄市苓雅區四維四路373號,臺北市,13.5,7.9,28.3,22.0
108/08/04 12:00,臺北市內湖區瑞光路407號,臺北市,6.0,8.9,32.5,26.9
108/06/19 12:00,新竹市東區光復路二段132號,臺北市,0.1,10.5,28.1,23.6
108/09/15 09:00,新竹市東區光復路二段240號,臺北市,12.9,10.4,33.3,27.9
108/09/01 12:00,高雄市苓雅區四維四路268號,臺北市,8.2,9.7,29.3,22.2
108/07/13 17:00,臺南市安平區永華路二段235號,臺北市,12.5,14.1,30.0,23.7
108/04/08 14:00,高雄市苓雅區四維四路118號,臺北市,3.0,1.2,34.3,27.8
108/05/15 15:00,臺中市西屯區台灣大道三段434號,臺北市,2.7,4.2,34.1,26.5
108/09/12 17:00,新北市板橋區文化路二段4號,臺北市,6.4,6.4,26.0,21.3
108/11/09 16:00,臺中市西屯區台灣大道三段170號,臺北市,10.2,5.4,29.0,23.3
108/10/07 10:00,新竹市東區光復路二段415號,臺北市,2.7,9.1,31.6,26.0
108/11/11 17:00,臺北市內湖區瑞光路355號,臺北市,0.4,5.1,30.6,24.3
108/03/15 15:00,高雄市苓雅區四維四路410號,臺北市,4.9,6.7,25.4,20.4
108/02/25 09:00,新北市板橋區文化路二段492號,臺北市,5.9,13.0,29.9,23.5
108/09/07 09:00,新北市板橋區文化路二段468號,臺北市,12.6,13.8,31.0,24.5
108/01/13 08:00,臺南市安平區永華路二段242號,臺北市,7.2,1.0,33.1,27.8
108/10/24 08:00,桃園市中壢區中正路330號,臺北市,3.6,2.2,31.7,24.2
108/08/10 12:00,新北市板橋區文化路二段490號,臺北市,14.6,9.4,27.7,22.6
108/06/06 08:00,臺中市西屯區台灣大道三段370號,臺北市,8.6,2.5,33.4,28.8
108/09/04 14:00,臺南市安平區永華路二段142號,臺北市,8.2,5.7,33.4,29.2
108/09/28 13:00,新北市板橋區文化路二段161號,臺北市,6.3,13.6,26.0,18.5
108/05/14 16:00,臺中市西屯區台灣大道三段313號,臺北市,7.1,2.8,27.2,20.2
108/05/05 11:00,新北市板橋區文化路二段4號,臺北市,5.7,5.9,30.9,24.8
108/07/16 14:00,新竹市東區光復路二段396號,臺北市,2.0,8.8,33.2,25.8
108/07/04 09:00,新北市板橋區文化路二段128號,臺北市,2.3,8.5,27.9,21.7
108/09/03 17:00,臺南市安平區永華路二段488號,臺北市,8.7,2.9,26.9,20.0
108/05/04 09:00,臺中市西屯區台灣大道三段306號,臺北市,5.7,5.4,35.6,29.4
108/05/05 14:00,新竹市東區光復路二段70號,臺北市,12.2,2.7,34.6,27.7
108/04/20 10:00,新竹市東區光復路二段199號,臺北市,5.7,8.8,25.7,21.0
108/03/28 14:00,臺北市內湖區瑞光路190號,臺北市,13.0,8.0,34.0,26.5
108/03/24 11:00,高雄市苓雅區四維四路68號,臺北市,3.8,13.6,30.1,23.3
108/01/14 10:00,臺南市安平區永華路二段119號,臺北市,13.6,5.8,35.8,30.2
108/07/28 17:00,新北市板橋區文化路二段320號,臺北市,11.0,13.1,25.9,18.0
108/06/02 10:00,臺南市安平區永華路二段77號,臺北市,14.0,13.0,26.5,20.7
108/12/01 15:00,桃園市中壢區中正路12號,臺北市,1.3,11.1,25.1,17.4
108/03/12 16:00,新竹市東區光復路二段268號,臺北市,14.4,14.9,35.1,28.9
108/10/14 12:00,桃園市中壢區中正路240號,臺北市,1.4,4.8,27.1,19.7
108/09/02 16:00,臺中市西屯區台灣大道三段181號,臺北市,5.4,5.2,31.2,24.8
108/08/05 13:00,新竹市東區光復路二段12號,臺北市,5.2,2.1,30.8,25.1
108/06/05 09:00,高雄市苓雅區四維四路33號,臺北市,7.8,5.0,28.9,21.8
108/02/11 10:00,新北市板橋區文化路二段373號,臺北市,7.5,7.3,25.0,17.5
108/10/16 10:00,高雄市苓雅區四維四路52號,臺北市,6.4,9.8,31.1,25.7
108/04/18 16:00,新竹市東區光復路二段129號,臺北市,9.1,5.8,32.9,26.5
108/09/21 15:00,新竹市東區光復路二段421號,臺北市,8.4,7.8,30.7,24.9
108/09/06 09:00,高雄市苓雅區四維四路356號,臺北市,4.3,1.5,26.2,18.4
108/11/28 10:00,新北市板橋區文化路二段28號,臺北市,14.8,13.1,33.1,26.8
108/01/23 10:00,臺南市安平區永華路二段170號,臺北市,9.3,9.5,30.7,24.7
108/12/02 16:00,臺北市內湖區瑞光路54號,臺北市,4.6,12.8,27.3,20.0
108/09/10 08:00,高雄市苓雅區四維四路294號,臺北市,1.4,1.9,25.4,20.2
108/03/16 14:00,新竹市東區光復路二段317號,臺北市,12.7,5.4,31.0,25.4
108/01/01 15:00,高雄市苓雅區四維四路500號,臺北市,7.0,5.5,25.9,19.6
108/05/26 14:00,臺中市西屯區台灣大道三段205號,臺北市,5.5,4.2,27.2,23.1
108/10/17 14:00,臺中市西屯區台灣大道三段9號,臺北市,11.9,1.8,31.6,23.8
108/12/02 16:00,臺北市內湖區瑞光路225號,臺北市,14.0,4.3,28.1,22.2
108/06/25 17:00,高雄市苓雅區四維四路88號,臺北市,1.4,13.8,27.0,20.9
108/08/02 16:00,新竹市東區光復路二段363號,臺北市,0.5,3.5,34.0,29.6
108/02/27 15:00,高雄市苓雅區四維四路141號,臺北市,13.6,7.2,32.7,28.7
109/02/16 11:00,臺北市內湖區瑞光路444號,臺北市,5.7,8.2,27.0,20.5
109/02/27 11:00,新北市板橋區文化路二段462號,臺北市,8.6,13.6,29.3,23.6
109/10/14 16:00,臺北市內湖區瑞光路5號,臺北市,4.9,4.4,26.1,19.6
109/03/17 12:00,桃園市中壢區中正路247號,臺北市,8.4,8.4,31.6,27.4
109/12/21 17:00,臺中市西屯區台灣大道三段284號,臺北市,9.7,3.7,25.7,20.9
109/07/13 16:00,臺北市內湖區瑞光路192號,臺北市,5.6,7.6,34.7,29.9
109/10/22 11:00,新竹市東區光復路二段454號,臺北市,4.2,4.1,27.1,22.8
109/06/02 12:00,臺北市內湖區瑞光路190號,臺北市,1.3,4.5,34.8,29.9
109/05/22 12:00,桃園市中壢區中正路37號,臺北市,6.8,5.0,33.0,28.8
109/10/19 17:00,臺南市安平區永華路二段8號,臺北市,7.0,9.0,30.1,23.9
109/10/13 12:00,新北市板橋區文化路二段347號,臺北市,11.0,12.8,31.4,23.8
109/01/20 15:00,臺南市安平區永華路二段308號,臺北市,0.2,5.8,25.6,18.1
109/06/28 08:00,臺北市內湖區瑞光路29號,臺北市,9.9,6.5,29.6,24.1
109/11/01 15:00,臺南市安平區永華路二段216號,臺北市,12.1,6.8,31.8,24.6
109/12/21 15:00,高雄市苓雅區四維四路204號,臺北市,11.4,7.7,33.7,27.3
109/09/25 14:00,高雄市苓雅區四維四路174號,臺北市,7.3,6.1,34.6,29.5
109/10/09 10:00,臺南市安平區永華路二段285號,臺北市,7.8,3.1,28.1,21.9
109/01/10 12:00,桃園市中壢區中正路344號,臺北市,9.0,9.5,29.0,22.4
109/12/05 10:00,臺南市安平區永華路二段313號,臺北市,13.1,7.5,28.0,22.5
109/09/24 09:00,臺南市安平區永華路二段125號,臺北市,4.2,14.7,28.7,24.2
109/05/24 12:00,臺北市內湖區瑞光路425號,臺北市,11.7,12.5,33.1,28.9
109/06/10 14:00,高雄市苓雅區四維四路333號,臺北市,3.3,10.6,34.4,30.0
109/02/23 13:00,臺南市安平區永華路二段432號,臺北市,14.2,7.3,29.6,23.0
109/08/02 09:00,臺南市安平區永華路二段145號,臺北市,4.0,1.5,33.0,28.4
109/05/11 16:00,臺北市內湖區瑞光路244號,臺北市,8.4,8.1,32.9,27.6
109/10/16 16:00,桃園市中壢區中正路354號,臺北市,3.4,7.5,27.5,21.4
109/05/04 17:00,新竹市東區光復路二段172號,臺北市,8.5,11.4,35.2,29.9
109/12/09 12:00,新竹市東區光復路二段170號,臺北市,0.1,2.7,28.8,22.7
109/06/21 10:00,臺中市西屯區台灣大道三段32號,臺北市,11.9,6.7,35.2,29.8
109/11/04 08:00,臺北市內湖區瑞光路313號,臺北市,7.5,7.7,29.9,22.1
109/12/22 13:00,新北市板橋區文化路二段472號,臺北市,1.5,12.9,30.8,25.0
109/06/27 14:00,新北市板橋區文化路二段208號,臺北市,7.5,9.2,27.1,19.3
109/04/13 09:00,臺中市西屯區台灣大道三段368號,臺北市,6.0,6.0,27.9,20.9
109/01/08 11:00,新竹市東區光復路二段471號,臺北市,8.4,7.3,28.4,23.9
109/08/23 08:00,臺北市內湖區瑞光路482號,臺北市,3.5,14.5,29.5,23.6
109/04/22 09:00,臺南市安平區永華路二段401號,臺北市,7.8,8.7,33.1,26.8
109/10/23 09:00,新竹市東區光復路二段91號,臺北市,7.5,3.8,32.0,26.2
109/01/16 11:00,高雄市苓雅區四維四路309號,臺北市,14.5,9.4,35.8,30.4
109/03/06 15:00,新竹市東區光復路二段56號,臺北市,4.5,1.0,30.4,22.6
109/03/18 13:00,臺南市安平區永華路二段472號,臺北市,1.2,6.8,31.2,23.3
109/07/02 15:00,新北市板橋區文化路二段28號,臺北市,11.6,2.1,32.7,28.0
109/12/05 15:00,高雄市苓雅區四維四路23號,臺北市,7.7,5.9,27.8,21.8
109/06/15 14:00,臺南市安平區永華路二段49號,臺北市,2.9,14.1,26.5,20.4
109/05/08 12:00,桃園市中壢區中正路191號,臺北市,11.6,9.9,29.5,22.5
109/01/07 14:00,高雄市苓雅區四維四路365號,臺北市,4.9,2.3,28.7,24.1
109/01/05 15:00,臺南市安平區永華路二段75號,臺北市,0.8,2.4,31.1,23.4
109/09/08 14:00,新北市板橋區文化路二段9號,臺北市,5.1,2.4,29.3,24.0
109/10/17 09:00,桃園市中壢區中正路431號,臺北市,7.5,9.8,26.3,22.2
109/01/07 17:00,高雄市苓雅區四維四路148號,臺北市,11.7,9.3,29.1,24.2
109/03/08 13:00,臺北市內湖區瑞光路16號,臺北市,9.6,4.6,31.9,25.5
109/09/23 17:00,桃園市中壢區中正路394號,臺北市,2.2,12.8,30.5,26.4
109/11/24 09:00,臺北市內湖區瑞光路348號,臺北市,9.1,4.9,25.8,18.7
109/04/27 13:00,桃園市中壢區中正路342號,臺北市,6.8,8.6,35.1,28.3
109/01/18 15:00,高雄市苓雅區四維四路253號,臺北市,3.6,12.8,26.6,21.6
109/07/28 17:00,新竹市東區光復路二段120號,臺北市,1.7,6.6,28.8,21.3
109/08/04 16:00,新竹市東區光復路二段337號,臺北市,9.6,6.3,27.7,20.8
109/04/01 12:00,高雄市苓雅區四維四路381號,臺北市,8.6,1.5,30.7,25.2
109/05/11 16:00,新竹市東區光復路二段483號,臺北市,2.0,9.4,35.2,27.6
109/06/05 08:00,臺南市安平區永華路二段9號,臺北市,0.7,11.5,27.3,19.9
109/11/01 08:00,桃園市中壢區中正路188號,臺北市,2.2,1.4,35.9,30.1
109/03/05 12:00,高雄市苓雅區四維四路391號,臺北市,12.8,5.5,29.6,24.0
109/03/01 17:00,桃園市中壢區中正路8號,臺北市,4.4,2.5,26.6,21.7
109/09/09 09:00,臺南市安平區永華路二段8號,臺北市,0.4,2.0,31.1,24.8
109/05/28 16:00,新竹市東區光復路二段322號,臺北市,1.3,14.9,32.3,26.6
109/07/08 09:00,臺中市西屯區台灣大道三段224號,臺北市,10.9,2.1,31.8,26.4
109/08/19 14:00,新竹市東區光復路二段465號,臺北市,7.9,5.9,25.3,18.2
109/09/27 10:00,臺北市內湖區瑞光路345號,臺北市,7.0,11.3,26.6,22.4
109/01/06 11:00,臺南市安平區永華路二段278號,臺北市,2.4,11.2,33.3,27.7
109/09/24 14:00,新北市板橋區文化路二段204號,臺北市,13.8,3.8,25.2,19.1
109/05/16 17:00,臺南市安平區永華路二段56號,臺北市,1.5,11.5,30.9,23.4
109/08/19 12:00,新竹市東區光復路二段204號,臺北市,5.3,5.0,27.6,22.3
109/11/26 10:00,臺中市西屯區台灣大道三段400號,臺北市,9.1,12.3,31.7,26.8
109/01/03 17:00,臺中市西屯區台灣大道三段292號,臺北市,11.7,9.7,34.0,28.7
109/06/28 13:00,臺中市西屯區台灣大道三段248號,臺北市,11.9,1.5,27.0,19.3
109/09/03 14:00,新竹市東區光復路二段466號,臺北市,14.2,7.1,30.3,25.5
109/12/25 11:00,新北市板橋區文化路二段236號,臺北市,11.9,3.0,32.1,27.0
109/06/12 08:00,臺中市西屯區台灣大道三段9號,臺北市,2.2,5.2,32.5,24.9
109/11/03 15:00,臺南市安平區永華路二段371號,臺北市,9.0,12.8,35.1,28.6
109/09/02 10:00,高雄市苓雅區四維四路349號,臺北市,8.5,3.5,34.6,30.2
109/09/16 14:00,臺南市安平區永華路二段133號,臺北市,13.0,5.2,33.3,25.8
109/04/01 14:00,新竹市東區光復路二段167號,臺北市,9.3,9.8,34.7,30.4
109/04/08 12:00,桃園市中壢區中正路206號,臺北市,6.9,1.7,32.6,26.1
109/04/21 11:00,高雄市苓雅區四維四路79號,臺北市,9.8,14.1,35.9,29.0
109/03/18 13:00,臺北市內湖區瑞光路482號,臺北市,1.8,12.8,27.1,19.5
109/06/17 14:00,臺中市西屯區台灣大道三段414號,臺北市,0.3,3.6,33.4,26.0
109/03/26 15:00,臺北市內湖區瑞光路382號,臺北市,9.3,13.8,31.6,25.1
109/06/12 14:00,高雄市苓雅區四維四路333號,臺北市,10.5,1.2,33.1,27.1
109/07/27 08:00,新北市板橋區文化路二段122號,臺北市,4.4,10.0,34.6,30.5
109/02/26 14:00,高雄市苓雅區四維四路342號,臺北市,14.7,9.7,25.5,19.4
110/04/13 09:00,臺北市內湖區瑞光路250號,臺北市,2.5,13.6,29.4,22.0
110/11/28 17:00,臺北市內湖區瑞光路466號,臺北市,12.9,13.7,32.8,27.4
110/05/02 10:00,新北市板橋區文化路二段240號,臺北市,14.1,8.6,27.5,22.1
110/09/20 12:00,新北市板橋區文化路二段293號,臺北市,0.3,7.7,34.3,29.6
110/09/25 17:00,新北市板橋區文化路二段426號,臺北市,8.2,1.4,25.4,20.6
110/08/27 17:00,新竹市東區光復路二段262號,臺北市,2.3,11.5,31.3,25.2
110/10/12 08:00,臺北市內湖區瑞光路340號,臺北市,0.3,3.7,26.7,20.3
110/03/09 13:00,桃園市中壢區中正路482號,臺北市,2.0,14.8,35.6,28.5
110/04/14 10:00,新北市板橋區文化路二段46號,臺北市,4.1,8.8,32.8,27.0
110/06/18 10:00,高雄市苓雅區四維四路222號,臺北市,12.7,3.2,25.4,18.9
110/10/26 11:00,新北市板橋區文化路二段487號,臺北市,0.9,2.4,25.6,20.0
110/05/04 08:00,臺中市西屯區台灣大道三段264號,臺北市,5.0,3.0,33.9,26.5
110/03/10 11:00,臺中市西屯區台灣大道三段338號,臺北市,10.8,5.6,25.7,21.1
110/01/17 08:00,臺北市內湖區瑞光路44號,臺北市,8.4,3.4,27.7,22.9
110/01/01 13:00,臺南市安平區永華路二段120號,臺北市,11.2,11.5,33.6,26.0
110/02/13 16:00,臺南市安平區永華路二段458號,臺北市,13.5,5.2,33.7,28.1
110/04/28 17:00,高雄市苓雅區四維四路114號,臺北市,7.5,8.5,35.3,27.8
110/04/01 08:00,臺中市西屯區台灣大道三段70號,臺北市,14.3,1.2,34.1,26.6
110/12/28 09:00,高雄市苓雅區四維四路363號,臺北市,6.7,5.6,27.2,21.1
110/06/17 09:00,桃園市中壢區中正路29號,臺北市,13.8,5.3,28.8,21.7
110/07/16 17:00,桃園市中壢區中正路240號,臺北市,11.7,13.1,28.5,24.0
110/05/19 11:00,新北市板橋區文化路二段333號,臺北市,14.6,12.9,27.4,20.8
110/11/02 12:00,桃園市中壢區中正路66號,臺北市,10.0,9.7,29.1,24.9
110/01/19 13:00,高雄市苓雅區四維四路134號,臺北市,10.1,6.7,29.9,25.8
110/03/02 16:00,臺南市安平區永華路二段167號,臺北市,12.2,6.1,33.0,25.2
110/07/08 11:00,臺北市內湖區瑞光路462號,臺北市,11.6,14.5,33.3,29.3
110/10/23 15:00,臺南市安平區永華路二段327號,臺北市,11.7,14.4,29.9,24.0
110/03/13 12:00,臺北市內湖區瑞光路235號,臺北市,0.9,9.1,26.3,22.0
110/11/01 14:00,臺中市西屯區台灣大道三段284號,臺北市,9.2,1.8,25.5,21.2
110/01/14 11:00,臺南市安平區永華路二段319號,臺北市,15.0,1.3,26.2,21.9
110/07/24 16:00,臺北市內湖區瑞光路312號,臺北市,6.9,4.7,25.7,19.8
110/04/26 08:00,高雄市苓雅區四維四路1號,臺北市,7.8,9.7,32.9,24.9
110/01/26 11:00,臺南市安平區永華路二段289號,臺北市,13.0,11.3,33.5,28.3
110/01/08 15:00,臺中市西屯區台灣大道三段330號,臺北市,8.0,2.3,29.3,21.4
110/08/23 11:00,新北市板橋區文化路二段367號,臺北市,1.1,12.5,31.9,25.2
110/07/15 15:00,高雄市苓雅區四維四路144號,臺北市,3.4,13.0,35.1,30.1
110/04/18 10:00,桃園市中壢區中正路312號,臺北市,1.0,11.8,27.1,20.7
110/01/25 08:00,臺中市西屯區台灣大道三段180號,臺北市,6.7,14.8,28.4,24.4
110/08/02 14:00,臺北市內湖區瑞光路280號,臺北市,6.5,3.0,26.6,19.7
110/06/27 08:00,高雄市苓雅區四維四路103號,臺北市,9.1,1.2,34.3,29.3
110/12/17 09:00,臺北市內湖區瑞光路38號,臺北市,12.5,7.7,30.2,26.2
110/05/04 12:00,新北市板橋區文化路二段122號,臺北市,9.7,1.1,29.5,22.2
110/11/16 16:00,新北市板橋區文化路二段367號,臺北市,3.9,14.5,32.4,25.1
110/06/28 16:00,新北市板橋區文化路二段44號,臺北市,13.7,9.3,26.1,21.2
110/04/13 17:00,新北市板橋區文化路二段248號,臺北市,9.0,7.7,29.3,24.8
110/03/05 16:00,臺北市內湖區瑞光路441號,臺北市,4.1,3.4,35.3,29.3
110/05/11 16:00,新北市板橋區文化路二段393號,臺北市,12.1,7.0,36.0,31.2
110/10/11 12:00,新北市板橋區文化路二段217號,臺北市,7.8,12.7,27.1,22.1
110/02/17 13:00,桃園市中壢區中正路308號,臺北市,12.2,4.6,31.5,26.2
110/01/01 16:00,臺北市內湖區瑞光路157號,臺北市,9.0,9.0,35.0,30.9
110/11/10 09:00,臺中市西屯區台灣大道三段89號,臺北市,8.3,12.6,35.9,30.4
110/12/03 08:00,臺北市內湖區瑞光路462號,臺北市,1.0,14.4,35.3,28.2
110/06/09 09:00,新竹市東區光復路二段313號,臺北市,7.2,6.0,35.1,31.0
110/09/07 17:00,新北市板橋區文化路二段128號,臺北市,11.6,11.4,30.9,24.5
110/07/14 12:00,臺南市安平區永華路二段252號,臺北市,12.9,8.8,34.2,27.2
110/10/12 12:00,臺北市內湖區瑞光路388號,臺北市,12.0,9.0,35.6,28.0
110/10/28 10:00,新北市板橋區文化路二段281號,臺北市,0.3,5.7,32.1,26.3
110/05/01 11:00,臺中市西屯區台灣大道三段404號,臺北市,5.2,12.1,26.9,20.8
110/03/03 13:00,高雄市苓雅區四維四路233號,臺北市,8.8,6.2,27.3,21.5
110/11/27 14:00,桃園市中壢區中正路416號,臺北市,10.2,13.1,30.5,26.1
110/03/16 10:00,臺北市內湖區瑞光路40號,臺北市,5.0,2.5,32.4,28.1
110/05/01 09:00,桃園市中壢區中正路408號,臺北市,13.1,10.8,35.0,29.2
110/01/19 09:00,臺北市內湖區瑞光路184號,臺北市,2.6,6.7,27.4,21.1
110/07/14 09:00,新竹市東區光復路二段313號,臺北市,7.2,4.7,28.1,20.6
110/11/24 14:00,臺中市西屯區台灣大道三段355號,臺北市,11.1,3.0,26.0,20.3
110/10/09 12:00,桃園市中壢區中正路453號,臺北市,9.8,12.3,31.3,25.1
110/08/21 14:00,臺北市內湖區瑞光路188號,臺北市,14.3,6.8,28.9,22.9
110/12/15 11:00,臺北市內湖區瑞光路304號,臺北市,5.5,4.5,25.3,19.2
110/06/09 14:00,高雄市苓雅區四維四路208號,臺北市,10.6,9.9,31.0,26.9
110/07/10 13:00,桃園市中壢區中正路420號,臺北市,8.2,8.0,34.0,29.5
110/01/25 11:00,臺南市安平區永華路二段56號,臺北市,5.6,12.5,32.3,27.4
110/03/21 13:00,臺南市安平區永華路二段161號,臺北市,12.2,2.4,33.2,26.3
110/09/05 13:00,臺北市內湖區瑞光路236號,臺北市,8.2,2.8,25.5,20.1
110/05/06 16:00,臺中市西屯區台灣大道三段197號,臺北市,5.0,7.6,34.9,30.4
110/06/24 10:00,高雄市苓雅區四維四路63號,臺北市,4.2,12.6,32.5,26.0
110/09/26 11:00,桃園市中壢區中正路400號,臺北市,12.1,8.7,27.3,22.7
110/12/07 11:00,臺南市安平區永華路二段314號,臺北市,11.7,6.2,29.3,25.0
110/01/13 12:00,高雄市苓雅區四維四路402號,臺北市,2.5,7.3,29.3,23.4
110/04/08 16:00,臺北市內湖區瑞光路69號,臺北市,6.2,7.9,31.4,24.4
110/09/14 10:00,桃園市中壢區中正路446號,臺北市,6.5,14.1,26.1,19.8
110/01/15 15:00,臺中市西屯區台灣大道三段436號,臺北市,3.6,1.5,33.3,27.8
110/04/07 15:00,高雄市苓雅區四維四路260號,臺北市,13.9,14.4,28.9,21.0
110/04/09 11:00,新竹市東區光復路二段37號,臺北市,9.1,2.0,32.2,27.8
110/02/05 09:00,高雄市苓雅區四維四路256號,臺北市,3.6,4.5,31.5,25.8
110/07/14 11:00,臺南市安平區永華路二段79號,臺北市,1.5,14.1,35.6,27.8
110/12/01 09:00,桃園市中壢區中正路375號,臺北市,11.9,12.8,26.8,21.9
110/03/27 09:00,桃園市中壢區中正路15號,臺北市,2.7,13.5,33.0,27.5
110/08/15 16:00,桃園市中壢區中正路393號,臺北市,14.9,4.4,30.3,24.0
110/05/10 16:00,桃園市中壢區中正路254號,臺北市,4.4,10.7,30.4,26.1
110/08/07 09:00,高雄市苓雅區四維四路178號,臺北市,8.3,8.9,34.5,26.6
110/03/02 10:00,新北市板橋區文化路二段308號,臺北市,10.9,10.8,32.9,26.1
110/12/24 14:00,新北市板橋區文化路二段159號,臺北市,11.1,7.3,28.3,22.9
110/02/27 11:00,臺中市西屯區台灣大道三段354號,臺北市,7.6,5.2,32.8,25.7
110/06/04 17:00,高雄市苓雅區四維四路254號,臺北市,13.6,12.0,34.3,29.4
111/10/28 10:00,臺北市內湖區瑞光路19號,臺北市,1.6,1.9,31.4,24.7
111/04/09 14:00,桃園市中壢區中正路439號,臺北市,4.0,2.0,30.3,22.4
111/06/04 16:00,臺北市內湖區瑞光路144號,臺北市,11.8,1.0,32.2,26.8
111/05/20 08:00,新北市板橋區文化路二段289號,臺北市,14.4,13.4,31.4,26.3
111/01/03 17:00,臺南市安平區永華路二段43號,臺北市,13.7,9.6,34.4,26.6
111/10/02 11:00,桃園市中壢區中正路367號,臺北市,9.1,2.5,28.7,22.0
111/06/22 10:00,臺中市西屯區台灣大道三段203號,臺北市,3.1,14.4,27.9,22.8
111/03/22 13:00,新北市板橋區文化路二段329號,臺北市,12.0,11.7,29.4,25.0
111/12/14 11:00,新北市板橋區文化路二段140號,臺北市,5.1,9.7,31.7,25.0
111/02/17 08:00,臺南市安平區永華路二段43號,臺北市,9.3,4.7,34.8,28.6
111/09/24 11:00,新北市板橋區文化路二段74號,臺北市,8.3,4.2,27.7,19.9
111/07/28 12:00,新竹市東區光復路二段4號,臺北市,6.5,4.9,31.0,26.5
111/12/28 08:00,高雄市苓雅區四維四路500號,臺北市,4.7,7.0,26.7,19.1
111/05/10 11:00,新竹市東區光復路二段96號,臺北市,4.7,7.8,29.0,21.1
111/01/06 16:00,桃園市中壢區中正路65號,臺北市,11.2,3.4,35.1,27.5
111/08/10 17:00,新北市板橋區文化路二段209號,臺北市,6.2,8.6,30.9,24.1
111/02/09 16:00,新北市板橋區文化路二段386號,臺北市,13.2,13.8,34.7,29.1
111/09/18 17:00,桃園市中壢區中正路333號,臺北市,3.5,9.2,29.7,23.2
111/12/15 08:00,新竹市東區光復路二段351號,臺北市,6.9,5.3,26.1,20.1
111/09/27 08:00,新竹市東區光復路二段125號,臺北市,3.1,8.8,36.0,29.2
111/04/12 10:00,臺中市西屯區台灣大道三段483號,臺北市,13.1,3.9,31.0,24.9
111/11/25 15:00,高雄市苓雅區四維四路371號,臺北市,9.6,1.0,29.9,22.0
111/12/19 11:00,新竹市東區光復路二段96號,臺北市,10.2,11.0,29.2,23.2
111/10/05 12:00,臺中市西屯區台灣大道三段484號,臺北市,5.5,6.4,25.6,18.4
111/12/13 10:00,新竹市東區光復路二段60號,臺北市,14.1,1.3,33.4,28.6
111/10/16 15:00,新北市板橋區文化路二段21號,臺北市,8.1,12.5,34.9,27.7
111/08/11 09:00,桃園市中壢區中正路492號,臺北市,8.1,3.7,35.1,30.5
111/07/22 11:00,新竹市東區光復路二段432號,臺北市,9.1,11.9,28.0,22.5
111/03/05 09:00,高雄市苓雅區四維四路367號,臺北市,10.4,12.8,35.1,27.3
111/03/28 17:00,新北市板橋區文化路二段332號,臺北市,9.5,14.2,28.0,22.1
111/08/15 10:00,臺北市內湖區瑞光路138號,臺北市,12.5,7.0,34.0,29.6
111/04/12 08:00,臺北市內湖區瑞光路216號,臺北市,10.4,11.4,26.8,22.2
111/02/12 14:00,高雄市苓雅區四維四路111號,臺北市,10.5,5.0,33.3,28.6
111/04/25 15:00,臺北市內湖區瑞光路426號,臺北市,11.2,15.0,31.8,25.1
111/12/21 13:00,臺中市西屯區台灣大道三段428號,臺北市,6.0,1.0,25.6,18.7
111/06/16 09:00,新北市板橋區文化路二段186號,臺北市,11.1,12.7,25.4,18.3
111/01/17 09:00,臺中市西屯區台灣大道三段145號,臺北市,6.0,6.0,30.5,23.7
111/11/27 08:00,新北市板橋區文化路二段90號,臺北市,10.5,5.3,34.9,27.8
111/01/26 08:00,新北市板橋區文化路二段198號,臺北市,7.6,14.9,29.6,25.2
111/02/28 15:00,臺北市內湖區瑞光路493號,臺北市,3.1,14.5,26.0,19.7
111/10/24 16:00,高雄市苓雅區四維四路350號,臺北市,2.0,5.7,32.5,26.6
111/08/23 15:00,臺中市西屯區台灣大道三段254號,臺北市,9.3,12.1,31.5,26.6
111/01/13 09:00,新北市板橋區文化路二段463號,臺北市,3.4,13.1,31.6,24.9
111/02/05 16:00,臺南市安平區永華路二段388號,臺北市,6.2,7.2,31.9,27.5
111/07/28 08:00,臺南市安平區永華路二段272號,臺北市,7.6,8.0,29.8,24.6
111/07/04 14:00,臺南市安平區永華路二段195號,臺北市,14.6,14.7,29.9,22.9
111/05/06 15:00,新竹市東區光復路二段36號,臺北市,5.5,7.3,34.9,29.6
111/12/25 13:00,新北市板橋區文化路二段405號,臺北市,11.7,2.7,28.7,22.2
111/06/09 16:00,新竹市東區光復路二段441號,臺北市,11.0,5.1,30.2,22.8
111/01/10 09:00,臺北市內湖區瑞光路211號,臺北市,13.9,1.7,27.1,19.2
111/09/21 13:00,高雄市苓雅區四維四路416號,臺北市,7.8,14.5,27.1,20.8
111/01/23 10:00,新竹市東區光復路二段110號,臺北市,14.8,5.8,31.9,25.0
111/07/04 14:00,桃園市中壢區中正路326號,臺北市,10.6,14.9,35.6,29.3
111/09/02 13:00,臺南市安平區永華路二段212號,臺北市,5.7,4.0,32.0,24.4
111/02/12 08:00,高雄市苓雅區四維四路90號,臺北市,3.5,14.0,32.9,28.9
111/08/05 09:00,新竹市東區光復路二段216號,臺北市,9.3,14.1,34.9,30.7
111/02/23 14:00,新北市板橋區文化路二段461號,臺北市,0.6,11.1,29.7,23.1
111/05/15 14:00,桃園市中壢區中正路160號,臺北市,10.4,4.1,34.9,30.9
111/11/03 14:00,新竹市東區光復路二段121號,臺北市,9.0,7.4,31.7,27.0
111/03/04 11:00,新北市板橋區文化路二段489號,臺北市,6.7,7.4,33.5,25.9
111/02/24 15:00,新竹市東區光復路二段410號,臺北市,13.9,5.5,30.6,24.1
111/09/03 08:00,新北市板橋區文化路二段123號,臺北市,0.7,13.1,31.5,26.8
111/10/17 11:00,臺中市西屯區台灣大道三段45號,臺北市,14.0,5.2,28.1,22.8
111/07/08 14:00,臺北市內湖區瑞光路368號,臺北市,2.0,6.4,35.3,28.2
111/11/13 17:00,高雄市苓雅區四維四路31號,臺北市,4.3,7.0,30.4,25.2
111/01/20 17:00,臺南市安平區永華路二段457號,臺北市,3.4,3.6,28.1,22.5
111/05/27 12:00,臺南市安平區永華路二段302號,臺北市,12.4,1.2,26.9,20.5
111/06/20 12:00,高雄市苓雅區四維四路382號,臺北市,2.7,9.6,32.9,26.0
111/08/07 11:00,臺南市安平區永華路二段85號,臺北市,9.8,6.9,30.3,26.1
111/11/07 09:00,臺中市西屯區台灣大道三段234號,臺北市,12.6,5.0,34.8,28.1
111/10/10 15:00,高雄市苓雅區四維四路338號,臺北市,14.7,10.6,25.1,19.3
111/04/08 08:00,高雄市苓雅區四維四路381號,臺北市,12.8,13.8,32.6,27.6
111/02/05 17:00,高雄市苓雅區四維四路272號,臺北市,8.1,7.2,28.7,21.7
111/07/02 14:00,臺中市西屯區台灣大道三段260號,臺北市,10.0,7.3,27.7,23.6
111/05/24 12:00,新北市板橋區文化路二段393號,臺北市,7.3,11.7,25.6,21.2
111/12/03 14:00,新北市板橋區文化路二段346號,臺北市,1.7,13.1,35.5,29.4
111/01/11 10:00,臺中市西屯區台灣大道三段294號,臺北市,7.0,5.5,29.9,22.3
111/10/21 09:00,臺南市安平區永華路二段436號,臺北市,0.2,14.6,31.3,26.5
111/01/24 08:00,新竹市東區光復路二段425號,臺北市,11.7,4.9,25.4,19.6
111/09/16 12:00,臺南市安平區永華路二段85號,臺北市,10.7,2.8,28.8,22.6
111/04/15 13:00,臺中市西屯區台灣大道三段267號,臺北市,7.6,13.5,29.5,22.6
111/03/03 14:00,臺南市安平區永華路二段479號,臺北市,3.6,14.4,28.3,21.5
111/02/09 11:00,高雄市苓雅區四維四路466號,臺北市,5.4,14.9,29.2,24.8
111/05/28 12:00,臺北市內湖區瑞光路206號,臺北市,13.9,11.9,29.2,22.0
111/07/19 08:00,桃園市中壢區中正路435號,臺北市,13.0,3.2,30.5,23.7
111/11/18 13:00,臺南市安平區永華路二段32號,臺北市,8.9,10.9,25.2,18.4
111/03/28 14:00,新北市板橋區文化路二段80號,臺北市,3.2,4.9,30.5,23.4
111/01/24 13:00,臺南市安平區永華路二段228號,臺北市,5.4,6.6,28.9,23.0
111/12/27 14:00,臺中市西屯區台灣大道三段150號,臺北市,6.5,3.8,27.5,19.8
111/10/02 15:00,臺中市西屯區台灣大道三段278號,臺北市,12.4,10.6,29.6,21.7
112/03/21 17:00,臺北市內湖區瑞光路84號,臺北市,4.0,6.0,33.1,26.2
112/01/01 10:00,新竹市東區光復路二段355號,臺北市,5.1,4.6,32.4,27.2
112/09/17 14:00,臺中市西屯區台灣大道三段48號,臺北市,3.9,4.7,35.1,27.7
112/06/27 10:00,桃園市中壢區中正路461號,臺北市,1.5,5.6,29.8,25.4
112/11/13 10:00,臺北市內湖區瑞光路473號,臺北市,3.3,12.5,32.8,26.6
112/10/07 11:00,桃園市中壢區中正路107號,臺北市,10.8,7.2,26.3,18.7
112/11/08 12:00,新北市板橋區文化路二段3號,臺北市,13.6,4.3,30.0,25.2
112/05/05 15:00,臺南市安平區永華路二段446號,臺北市,0.3,12.4,28.0,21.4
112/10/11 16:00,新竹市東區光復路二段276號,臺北市,13.0,11.6,27.1,19.6
112/03/25 13:00,新北市板橋區文化路二段21號,臺北市,1.1,7.8,26.3,18.9
112/11/19 13:00,臺北市內湖區瑞光路176號,臺北市,8.9,2.9,29.8,25.1
112/09/01 16:00,桃園市中壢區中正路291號,臺北市,6.1,12.1,25.3,18.9
112/11/12 11:00,新竹市東區光復路二段170號,臺北市,12.5,6.4,29.3,21.7
112/03/26 10:00,新竹市東區光復路二段403號,臺北市,8.0,12.5,29.6,21.8
112/09/25 08:00,臺北市內湖區瑞光路330號,臺北市,0.7,8.1,32.3,26.8
112/07/14 14:00,新竹市東區光復路二段378號,臺北市,0.5,3.3,29.3,23.1
112/08/27 09:00,臺中市西屯區台灣大道三段137號,臺北市,14.1,5.1,33.7,29.5
112/07/14 13:00,臺北市內湖區瑞光路277號,臺北市,0.7,2.9,31.9,25.7
112/10/23 14:00,臺南市安平區永華路二段322號,臺北市,14.4,2.6,33.7,26.9
112/09/20 09:00,臺北市內湖區瑞光路70號,臺北市,13.5,1.1,29.2,24.8
112/08/04 17:00,臺中市西屯區台灣大道三段107號,臺北市,14.6,12.6,30.9,25.0
112/06/17 08:00,新北市板橋區文化路二段188號,臺北市,6.1,11.4,34.2,27.8
112/01/12 13:00,高雄市苓雅區四維四路458號,臺北市,12.3,3.9,27.7,21.6
112/03/05 16:00,新北市板橋區文化路二段209號,臺北市,7.8,12.5,25.7,19.8
112/10/14 16:00,高雄市苓雅區四維四路211號,臺北市,5.0,10.0,33.5,27.9
112/10/27 10:00,新北市板橋區文化路二段451號,臺北市,11.9,11.7,33.9,27.6
112/10/01 08:00,臺北市內湖區瑞光路340號,臺北市,1.5,9.7,33.8,27.0
112/09/16 13:00,臺北市內湖區瑞光路106號,臺北市,6.6,11.9,25.7,18.4
112/11/24 16:00,新竹市東區光復路二段486號,臺北市,11.9,9.6,31.4,24.2
112/10/15 12:00,高雄市苓雅區四維四路321號,臺北市,6.1,13.8,29.2,22.1
112/05/16 13:00,桃園市中壢區中正路66號,臺北市,12.8,13.1,30.4,23.6
112/11/12 11:00,新北市板橋區文化路二段217號,臺北市,11.4,5.6,26.8,20.7
112/09/21 10:00,高雄市苓雅區四維四路136號,臺北市,0.6,5.3,25.2,17.3
112/06/03 10:00,高雄市苓雅區四維四路274號,臺北市,12.3,9.7,27.5,20.9
112/03/25 13:00,新北市板橋區文化路二段384號,臺北市,7.3,11.5,28.2,23.3
112/04/12 12:00,新北市板橋區文化路二段102號,臺北市,4.4,2.7,33.3,26.3
112/11/11 17:00,臺北市內湖區瑞光路497號,臺北市,8.1,5.9,35.3,29.8
112/03/22 09:00,新竹市東區光復路二段275號,臺北市,10.3,4.2,29.8,22.5
112/05/19 16:00,桃園市中壢區中正路436號,臺北市,2.6,1.5,25.9,21.6
112/04/23 13:00,桃園市中壢區中正路389號,臺北市,13.3,1.2,33.3,27.5
112/06/16 17:00,新竹市東區光復路二段280號,臺北市,11.1,8.4,30.8,23.4
112/03/07 09:00,新竹市東區光復路二段318號,臺北市,10.1,2.6,33.9,26.1
112/06/05 13:00,桃園市中壢區中正路386號,臺北市,8.3,5.5,26.8,20.0
112/12/26 10:00,高雄市苓雅區四維四路296號,臺北市,8.4,1.5,28.0,22.5
112/10/17 11:00,臺南市安平區永華路二段227號,臺北市,12.9,1.4,31.4,24.7
112/05/12 14:00,新北市板橋區文化路二段51號,臺北市,4.1,7.8,29.0,21.9
112/09/21 12:00,新竹市東區光復路二段72號,臺北市,7.0,11.8,34.4,27.5
112/09/11 17:00,臺北市內湖區瑞光路101號,臺北市,14.5,3.1,34.3,30.1
112/11/14 17:00,臺南市安平區永華路二段350號,臺北市,11.8,12.1,26.1,20.0
112/09/25 11:00,臺北市內湖區瑞光路337號,臺北市,9.9,13.2,34.7,28.2
112/06/15 16:00,新北市板橋區文化路二段423號,臺北市,5.0,12.2,29.1,24.6
112/04/22 17:00,臺中市西屯區台灣大道三段97號,臺北市,8.6,13.8,27.5,23.2
112/07/28 17:00,臺北市內湖區瑞光路40號,臺北市,8.9,13.7,29.1,21.8
112/01/17 11:00,新竹市東區光復路二段336號,臺北市,2.3,3.1,27.2,22.6
112/01/13 15:00,臺中市西屯區台灣大道三段43號,臺北市,1.3,4.9,34.5,28.6
112/08/26 16:00,臺中市西屯區台灣大道三段393號,臺北市,8.3,13.1,27.9,19.9
112/07/22 10:00,臺北市內湖區瑞光路356號,臺北市,1.0,2.7,29.6,22.5
112/02/01 13:00,臺北市內湖區瑞光路160號,臺北市,2.9,6.1,29.0,21.4
112/04/26 17:00,桃園市中壢區中正路453號,臺北市,11.2,12.9,29.6,25.6
112/03/08 16:00,臺北市內湖區瑞光路472號,臺北市,7.0,1.6,31.2,25.7
112/09/21 08:00,臺中市西屯區台灣大道三段76號,臺北市,5.4,10.5,26.3,20.1
112/12/28 14:00,臺中市西屯區台灣大道三段24號,臺北市,8.2,7.1,28.7,24.7
112/04/19 17:00,新竹市東區光復路二段159號,臺北市,5.0,13.9,35.3,30.7
112/01/16 12:00,新竹市東區光復路二段402號,臺北市,8.9,3.0,35.2,31.1
112/11/26 12:00,臺南市安平區永華路二段312號,臺北市,12.0,8.0,33.3,27.8
112/03/03 13:00,臺中市西屯區台灣大道三段362號,臺北市,7.1,11.0,31.0,23.8
112/09/09 08:00,桃園市中壢區中正路316號,臺北市,3.8,11.8,33.0,26.3
112/12/03 13:00,臺中市西屯區台灣大道三段330號,臺北市,9.4,14.8,26.5,21.7
112/06/11 12:00,臺南市安平區永華路二段57號,臺北市,11.9,12.6,29.2,23.8
112/12/22 16:00,臺北市內湖區瑞光路2號,臺北市,8.3,5.8,31.5,26.8
112/07/17 11:00,臺南市安平區永華路二段284號,臺北市,13.8,4.8,29.0,22.5
112/09/07 13:00,新北市板橋區文化路二段318號,臺北市,7.3,3.3,25.8,21.6
112/05/22 11:00,新竹市東區光復路二段153號,臺北市,3.4,5.9,25.3,21.0
112/09/27 15:00,臺中市西屯區台灣大道三段421號,臺北市,13.0,14.1,31.5,25.1
112/08/18 17:00,臺南市安平區永華路二段410號,臺北市,6.0,14.4,27.6,22.6
112/09/24 12:00,新北市板橋區文化路二段33號,臺北市,12.1,13.1,26.0,18.4
112/04/03 13:00,臺南市安平區永華路二段340號,臺北市,12.2,7.3,35.5,30.2
112/02/22 11:00,高雄市苓雅區四維四路266號,臺北市,13.2,9.8,35.6,30.2
112/09/04 09:00,新竹市東區光復路二段399號,臺北市,0.7,3.0,32.3,25.2
112/10/09 14:00,新竹市東區光復路二段296號,臺北市,9.0,3.7,28.7,23.4
112/04/15 10:00,桃園市中壢區中正路264號,臺北市,14.2,11.7,35.5,30.9
112/11/13 09:00,新北市板橋區文化路二段212號,臺北市,13.4,8.2,29.7,22.5
112/06/10 16:00,新竹市東區光復路二段233號,臺北市,8.8,3.3,28.9,23.2
112/01/15 15:00,高雄市苓雅區四維四路470號,臺北市,2.2,1.2,34.2,26.9
112/03/14 14:00,臺北市內湖區瑞光路258號,臺北市,13.8,1.7,31.0,24.1
112/09/19 16:00,臺南市安平區永華路二段322號,臺北市,10.2,14.1,32.5,25.5
112/03/24 17:00,臺中市西屯區台灣大道三段386號,臺北市,10.6,14.3,29.1,23.0
112/07/13 08:00,臺北市內湖區瑞光路5號,臺北市,9.2,11.0,26.8,21.7
112/09/10 11:00,桃園市中壢區中正路241號,臺北市,13.5,13.6,26.9,21.7
112/11/01 11:00,臺北市內湖區瑞光路326號,臺北市,3.1,6.8,30.4,25.1
112/03/14 12:00,臺南市安平區永華路二段157號,臺北市,11.8,10.7,25.8,19.7
112/11/09 09:00,臺南市安平區永華路二段317號,臺北市,2.3,3.0,26.1,18.9
112/08/07 16:00,新竹市東區光復路二段77號,臺北市,5.9,5.6,30.9,23.2
112/12/16 09:00,高雄市苓雅區四維四路66號,臺北市,11.5,8.0,30.2,22.7
112/05/08 12:00,新竹市東區光復路二段304號,臺北市,12.3,8.0,32.4,26.1
112/02/15 17:00,臺中市西屯區台灣大道三段168號,臺北市,5.4,11.5,32.8,27.1
112/11/25 11:00,臺中市西屯區台灣大道三段271號,臺北市,8.4,11.8,35.5,30.5
112/03/01 16:00,新竹市東區光復路二段163號,臺北市,4.1,13.0,35.8,31.0
112/12/09 17:00,高雄市苓雅區四維四路167號,臺北市,5.3,6.0,29.5,21.8
112/01/23 13:00,臺中市西屯區台灣大道三段236號,臺北市,9.2,12.9,31.0,23.1
112/08/04 12:00,高雄市苓雅區四維四路103號,臺北市,10.1,10.8,26.5,18.6
112/10/05 15:00,高雄市苓雅區四維四路288號,臺北市,1.8,1.4,26.5,19.5
112/02/16 09:00,臺中市西屯區台灣大道三段434號,臺北市,10.7,6.7,35.3,29.6
112/01/21 11:00,桃園市中壢區中正路24號,臺北市,11.0,4.9,35.1,28.6
112/08/28 12:00,臺北市內湖區瑞光路289號,臺北市,5.6,8.7,35.5,29.6
112/06/21 17:00,新竹市東區光復路二段409號,臺北市,13.8,14.5,30.9,23.8
112/05/16 15:00,桃園市中壢區中正路422號,臺北市,3.6,2.6,34.1,26.6
112/12/13 11:00,臺中市西屯區台灣大道三段448號,臺北市,11.6,8.7,26.4,19.7
112/03/12 08:00,臺中市西屯區台灣大道三段109號,臺北市,4.3,9.8,25.4,20.3
112/02/27 10:00,桃園市中壢區中正路180號,臺北市,1.2,12.8,28.5,21.2
112/01/11 16:00,桃園市中壢區中正路178號,臺北市,7.0,13.5,30.8,23.6
112/02/24 14:00,臺北市內湖區瑞光路468號,臺北市,6.2,12.9,31.9,24.6
112/03/11 15:00,桃園市中壢區中正路136號,臺北市,11.1,2.3,31.6,25.1
112/12/13 11:00,高雄市苓雅區四維四路351號,臺北市,11.0,14.8,28.1,21.5
112/07/10 11:00,臺南市安平區永華路二段398號,臺北市,4.2,12.1,29.2,21.6
112/01/19 17:00,臺中市西屯區台灣大道三段317號,臺北市,7.9,12.8,33.7,28.9
112/02/22 10:00,臺中市西屯區台灣大道三段68號,臺北市,7.5,7.0,33.1,25.8
112/08/27 15:00,臺中市西屯區台灣大道三段484號,臺北市,3.6,12.5,35.6,29.3
112/09/17 09:00,新竹市東區光復路二段27號,臺北市,13.9,1.4,34.4,28.8
113/06/02 13:00,臺南市安平區永華路二段126號,臺北市,6.7,3.7,28.8,23.2
113/07/20 09:00,新北市板橋區文化路二段60號,臺北市,7.9,1.4,26.1,21.1
113/06/24 08:00,桃園市中壢區中正路48號,臺北市,14.4,8.4,32.6,24.8
113/07/02 08:00,新北市板橋區文化路二段23號,臺北市,14.5,4.0,29.5,23.5
113/02/23 12:00,臺中市西屯區台灣大道三段27號,臺北市,0.4,10.3,27.9,20.0
113/09/06 13:00,臺南市安平區永華路二段122號,臺北市,11.4,14.6,26.9,21.5
113/11/17 16:00,高雄市苓雅區四維四路120號,臺北市,2.6,8.7,28.9,21.5
113/11/12 08:00,新北市板橋區文化路二段355號,臺北市,4.5,6.7,35.8,29.6
113/10/20 13:00,臺中市西屯區台灣大道三段319號,臺北市,7.3,4.0,34.2,30.0
113/06/17 15:00,新北市板橋區文化路二段209號,臺北市,14.6,8.1,29.6,25.4
113/08/02 13:00,臺南市安平區永華路二段410號,臺北市,4.4,13.7,26.4,18.8
113/07/15 16:00,臺北市內湖區瑞光路81號,臺北市,7.4,5.7,25.1,19.3
113/07/23 12:00,臺南市安平區永華路二段28號,臺北市,5.2,12.1,31.0,25.4
113/01/09 15:00,新竹市東區光復路二段122號,臺北市,0.2,8.4,25.7,21.4
113/04/05 17:00,高雄市苓雅區四維四路177號,臺北市,5.6,4.4,27.6,20.1
113/12/23 12:00,臺南市安平區永華路二段272號,臺北市,5.3,13.5,32.2,27.3
113/06/11 14:00,新北市板橋區文化路二段339號,臺北市,11.4,6.1,31.1,25.6
113/03/14 15:00,臺中市西屯區台灣大道三段391號,臺北市,8.5,3.2,32.8,25.7
113/08/07 08:00,臺中市西屯區台灣大道三段397號,臺北市,12.9,5.4,27.5,20.5
113/02/12 17:00,高雄市苓雅區四維四路492號,臺北市,1.6,1.2,30.6,26.3
113/06/12 14:00,桃園市中壢區中正路490號,臺北市,11.7,2.5,34.5,28.1
113/02/09 15:00,桃園市中壢區中正路264號,臺北市,12.7,12.1,26.2,21.2
113/03/20 14:00,新北市板橋區文化路二段400號,臺北市,1.4,9.2,27.5,20.1
113/02/04 15:00,桃園市中壢區中正路235號,臺北市,0.2,10.7,35.6,30.9
113/02/11 11:00,高雄市苓雅區四維四路363號,臺北市,5.8,1.4,32.4,25.9
113/10/06 13:00,臺北市內湖區瑞光路15號,臺北市,9.3,3.0,29.3,24.2
113/12/27 15:00,新竹市東區光復路二段428號,臺北市,7.0,7.9,32.0,26.9
113/01/10 16:00,新北市板橋區文化路二段29號,臺北市,4.1,13.8,26.6,21.2
113/11/07 10:00,高雄市苓雅區四維四路71號,臺北市,5.0,7.5,34.2,28.1
113/04/14 15:00,臺北市內湖區瑞光路215號,臺北市,9.2,14.7,33.3,27.5
113/09/13 14:00,臺南市安平區永華路二段76號,臺北市,0.7,10.7,31.8,27.4
113/01/20 10:00,臺南市安平區永華路二段228號,臺北市,4.0,13.8,35.4,30.3
113/02/09 08:00,桃園市中壢區中正路380號,臺北市,12.6,10.4,34.9,30.2
113/10/18 11:00,臺北市內湖區瑞光路248號,臺北市,5.4,2.4,35.4,28.5
113/10/06 12:00,臺南市安平區永華路二段12號,臺北市,4.8,11.7,26.9,22.8
113/03/22 10:00,臺中市西屯區台灣大道三段418號,臺北市,13.9,12.9,33.1,28.8
113/02/06 16:00,桃園市中壢區中正路410號,臺北市,10.7,2.0,28.0,23.6
113/03/10 10:00,桃園市中壢區中正路472號,臺北市,14.7,1.0,27.6,20.3
113/11/11 16:00,新竹市東區光復路二段150號,臺北市,9.5,12.9,33.5,28.2
113/01/20 09:00,新北市板橋區文化路二段406號,臺北市,6.6,10.7,34.0,27.8
113/01/06 09:00,臺南市安平區永華路二段388號,臺北市,10.9,4.5,36.0,30.6
113/10/28 09:00,新竹市東區光復路二段424號,臺北市,2.5,9.8,29.8,22.8
113/07/19 15:00,臺南市安平區永華路二段340號,臺北市,6.9,3.9,31.0,24.4
113/09/11 17:00,新竹市東區光復路二段430號,臺北市,2.1,14.6,25.7,19.3
113/01/24 10:00,新北市板橋區文化路二段162號,臺北市,11.3,14.9,30.5,25.5
113/06/17 15:00,高雄市苓雅區四維四路167號,臺北市,11.9,1.9,34.5,28.4
113/06/24 11:00,新竹市東區光復路二段2號,臺北市,14.1,14.2,32.5,25.3
113/03/12 08:00,新北市板橋區文化路二段228號,臺北市,0.1,4.9,35.0,27.8
113/12/12 12:00,新北市板橋區文化路二段34號,臺北市,13.5,3.2,27.3,19.5
113/03/23 10:00,高雄市苓雅區四維四路499號,臺北市,1.2,10.3,27.7,21.3
113/10/18 16:00,臺南市安平區永華路二段439號,臺北市,2.2,8.9,33.2,25.9
113/03/01 09:00,臺北市內湖區瑞光路333號,臺北市,6.0,11.0,32.0,25.2
113/11/20 09:00,臺南市安平區永華路二段28號,臺北市,11.8,1.1,34.1,29.0
113/03/22 12:00,高雄市苓雅區四維四路89號,臺北市,2.7,11.7,25.1,18.2
113/11/11 12:00,桃園市中壢區中正路398號,臺北市,5.0,8.4,35.0,27.1
113/10/22 09:00,臺北市內湖區瑞光路371號,臺北市,7.6,11.4,32.4,26.6
113/08/22 09:00,臺中市西屯區台灣大道三段291號,臺北市,10.1,2.6,35.1,27.5
113/10/06 17:00,高雄市苓雅區四維四路496號,臺北市,11.8,10.9,35.1,27.4
113/04/12 13:00,高雄市苓雅區四維四路196號,臺北市,1.9,1.8,31.9,24.6
113/07/05 14:00,臺北市內湖區瑞光路125號,臺北市,5.5,8.5,36.0,30.6
113/06/12 12:00,新北市板橋區文化路二段66號,臺北市,7.3,5.0,32.3,28.2
113/05/25 11:00,臺北市內湖區瑞光路184號,臺北市,3.7,9.4,35.0,27.7
113/07/22 12:00,新北市板橋區文化路二段165號,臺北市,2.5,3.8,25.2,19.1
113/08/07 08:00,新北市板橋區文化路二段83號,臺北市,12.7,2.2,29.6,25.4
113/01/09 14:00,桃園市中壢區中正路258號,臺北市,14.1,6.5,31.2,23.2
113/11/20 14:00,新北市板橋區文化路二段179號,臺北市,11.1,14.1,33.8,29.4
113/07/09 16:00,臺南市安平區永華路二段191號,臺北市,10.7,4.3,31.4,25.8
113/11/07 08:00,新北市板橋區文化路二段406號,臺北市,9.2,4.5,27.8,21.8
113/08/09 09:00,臺南市安平區永華路二段424號,臺北市,5.2,9.3,28.9,23.0
113/10/26 09:00,臺北市內湖區瑞光路451號,臺北市,13.5,9.9,33.5,26.0
113/01/25 09:00,臺中市西屯區台灣大道三段136號,臺北市,1.0,12.2,30.3,23.0
113/01/26 12:00,新北市板橋區文化路二段305號,臺北市,14.7,10.9,34.1,27.8
113/08/05 17:00,臺中市西屯區台灣大道三段399號,臺北市,5.8,10.9,30.6,25.1
113/12/16 17:00,新北市板橋區文化路二段396號,臺北市,2.2,10.7,30.9,24.6
113/09/07 17:00,高雄市苓雅區四維四路421號,臺北市,6.7,8.7,34.6,28.9
113/10/23 16:00,新北市板橋區文化路二段301號,臺北市,7.1,1.3,31.7,26.4
113/08/01 09:00,高雄市苓雅區四維四路208號,臺北市,0.4,9.9,34.3,26.9
113/08/08 09:00,臺南市安平區永華路二段272號,臺北市,4.7,3.6,32.5,25.5
113/10/13 15:00,高雄市苓雅區四維四路432號,臺北市,9.0,13.7,25.6,20.4
113/03/10 12:00,高雄市苓雅區四維四路150號,臺北市,9.6,4.9,34.4,30.1
113/06/11 10:00,新竹市東區光復路二段359號,臺北市,10.8,6.1,34.4,30.0
113/12/02 15:00,臺南市安平區永華路二段135號,臺北市,13.9,13.2,29.4,22.0
113/04/20 14:00,新北市板橋區文化路二段67號,臺北市,2.2,2.8,34.3,27.2
113/11/03 10:00,桃園市中壢區中正路396號,臺北市,10.6,13.5,35.3,27.5
113/09/06 12:00,桃園市中壢區中正路228號,臺北市,8.6,12.6,33.2,28.9
113/06/17 16:00,臺南市安平區永華路二段358號,臺北市,14.1,10.0,36.0,28.2
113/11/21 11:00,新北市板橋區文化路二段318號,臺北市,1.8,1.7,32.3,27.6
113/11/23 16:00,臺南市安平區永華路二段234號,臺北市,0.9,14.9,34.2,26.8
113/02/04 14:00,新北市板橋區文化路二段234號,臺北市,2.2,5.9,32.5,26.7
113/10/17 14:00,臺南市安平區永華路二段204號,臺北市,1.1,12.2,32.3,28.1
113/08/19 16:00,新竹市東區光復路二段77號,臺北市,14.6,3.5,35.3,28.4
113/09/13 16:00,桃園市中壢區中正路319號,臺北市,2.5,9.5,30.1,24.4
113/08/10 08:00,新北市板橋區文化路二段175號,臺北市,5.8,7.4,34.3,27.3
113/04/09 14:00,臺南市安平區永華路二段78號,臺北市,1.1,10.5,32.5,28.0
113/12/15 08:00,臺南市安平區永華路二段406號,臺北市,0.5,6.8,31.9,25.9
113/11/10 16:00,臺南市安平區永華路二段149號,臺北市,5.8,12.0,29.6,22.2
113/07/18 12:00,新竹市東區光復路二段352號,臺北市,11.8,4.5,26.4,18.6
113/07/01 11:00,桃園市中壢區中正路61號,臺北市,1.4,3.2,31.5,25.9
113/04/10 11:00,高雄市苓雅區四維四路14號,臺北市,9.3,3.9,34.9,27.9
113/05/06 10:00,臺南市安平區永華路二段215號,臺北市,4.7,5.9,34.2,28.8
113/02/15 12:00,新北市板橋區文化路二段116號,臺北市,12.9,6.7,33.1,28.7
113/07/13 08:00,臺南市安平區永華路二段269號,臺北市,7.0,5.2,29.2,22.9
113/05/09 17:00,桃園市中壢區中正路126號,臺北市,4.1,2.3,35.8,29.0
113/10/23 15:00,高雄市苓雅區四維四路457號,臺北市,14.1,4.0,31.1,26.9
113/01/24 09:00,高雄市苓雅區四維四路3號,臺北市,5.5,13.7,29.2,21.6
113/10/04 16:00,新竹市東區光復路二段80號,臺北市,5.1,8.1,32.2,26.0
113/10/15 09:00,臺中市西屯區台灣大道三段390號,臺北市,6.9,3.2,34.2,27.3
113/08/15 09:00,臺南市安平區永華路二段175號,臺北市,4.4,8.8,27.0,22.3
113/11/23 10:00,桃園市中壢區中正路193號,臺北市,11.0,10.3,27.7,22.5
113/10/25 17:00,臺南市安平區永華路二段162號,臺北市,10.6,7.8,32.5,24.6
113/03/10 12:00,桃園市中壢區中正路338號,臺北市,7.3,2.7,25.1,17.7
114/07/08 09:00,新竹市東區光復路二段21號,臺北市,7.5,3.1,29.8,23.4
114/05/17 08:00,新竹市東區光復路二段120號,臺北市,12.4,6.2,29.9,23.4
114/10/04 15:00,臺北市內湖區瑞光路471號,臺北市,3.0,4.4,29.5,23.2
114/12/26 10:00,臺中市西屯區台灣大道三段352號,臺北市,12.1,9.4,27.9,21.6
114/11/08 08:00,臺中市西屯區台灣大道三段321號,臺北市,8.5,9.7,35.1,28.5
114/10/19 08:00,臺中市西屯區台灣大道三段455號,臺北市,7.4,3.8,31.3,23.8
114/09/07 14:00,桃園市中壢區中正路189號,臺北市,11.6,14.8,33.9,29.2
114/03/07 16:00,臺北市內湖區瑞光路245號,臺北市,10.3,3.6,29.8,23.7
114/09/15 11:00,臺中市西屯區台灣大道三段68號,臺北市,1.1,12.6,26.0,21.4
114/05/19 15:00,臺中市西屯區台灣大道三段190號,臺北市,3.6,9.9,30.2,23.1
114/11/24 14:00,臺中市西屯區台灣大道三段21號,臺北市,6.8,11.6,35.7,28.0
114/12/08 17:00,臺北市內湖區瑞光路66號,臺北市,3.3,12.9,32.6,25.9
114/07/16 08:00,新竹市東區光復路二段12號,臺北市,11.1,5.6,30.8,26.3
114/12/14 10:00,臺北市內湖區瑞光路199號,臺北市,2.7,11.0,35.9,28.9
114/11/01 17:00,新竹市東區光復路二段27號,臺北市,10.1,9.8,32.8,28.0
114/06/06 17:00,臺中市西屯區台灣大道三段365號,臺北市,9.0,2.3,34.1,28.3
114/07/13 13:00,新竹市東區光復路二段126號,臺北市,8.7,5.7,25.0,17.6
114/04/18 09:00,臺南市安平區永華路二段82號,臺北市,2.0,1.9,32.2,27.3
114/04/19 08:00,臺南市安平區永華路二段201號,臺北市,14.0,13.8,30.0,25.5
114/08/13 14:00,臺北市內湖區瑞光路72號,臺北市,11.0,7.2,30.1,22.8
114/03/25 10:00,桃園市中壢區中正路41號,臺北市,11.4,11.3,29.6,23.7
114/04/17 16:00,臺北市內湖區瑞光路99號,臺北市,4.4,15.0,26.3,20.9
114/02/20 10:00,桃園市中壢區中正路181號,臺北市,3.6,3.9,31.5,26.3
114/10/28 08:00,新北市板橋區文化路二段449號,臺北市,6.9,14.9,29.9,23.9
114/11/01 14:00,臺中市西屯區台灣大道三段424號,臺北市,14.5,11.3,32.1,25.7
114/10/13 15:00,桃園市中壢區中正路450號,臺北市,10.9,3.8,28.8,21.4
114/04/06 12:00,臺中市西屯區台灣大道三段256號,臺北市,14.4,12.7,25.9,21.7
114/04/25 09:00,臺中市西屯區台灣大道三段374號,臺北市,2.2,4.0,33.1,27.8
114/01/16 17:00,新北市板橋區文化路二段166號,臺北市,10.8,5.9,32.2,26.4
114/10/06 10:00,桃園市中壢區中正路408號,臺北市,10.1,11.1,34.6,30.6
114/07/01 12:00,臺北市內湖區瑞光路99號,臺北市,9.8,13.9,35.3,29.3
114/12/18 17:00,新北市板橋區文化路二段464號,臺北市,5.8,3.1,35.6,31.1
114/06/03 13:00,桃園市中壢區中正路91號,臺北市,13.1,11.5,34.3,30.2
114/03/21 13:00,新北市板橋區文化路二段312號,臺北市,13.5,1.2,34.2,27.6
114/01/15 15:00,臺北市內湖區瑞光路74號,臺北市,7.1,6.5,35.0,27.7
114/03/21 10:00,臺中市西屯區台灣大道三段71號,臺北市,13.6,9.9,34.2,28.2
114/12/19 08:00,高雄市苓雅區四維四路435號,臺北市,7.6,3.9,27.0,21.5
114/01/01 09:00,臺北市內湖區瑞光路65號,臺北市,4.7,10.7,29.9,24.4
114/12/09 14:00,新竹市東區光復路二段16號,臺北市,13.0,4.4,29.6,22.5
114/07/13 17:00,臺中市西屯區台灣大道三段301號,臺北市,12.6,2.2,29.9,25.7
114/06/10 08:00,高雄市苓雅區四維四路267號,臺北市,5.2,2.5,25.7,21.6
114/05/09 17:00,臺北市內湖區瑞光路434號,臺北市,13.1,7.0,26.3,22.1
114/05/13 15:00,臺北市內湖區瑞光路183號,臺北市,12.4,3.9,32.4,27.4
114/06/20 09:00,新竹市東區光復路二段354號,臺北市,7.2,14.4,33.3,26.4
114/08/02 13:00,臺南市安平區永華路二段421號,臺北市,11.5,5.0,26.7,21.8
114/06/01 13:00,臺中市西屯區台灣大道三段24號,臺北市,11.5,12.4,27.6,22.4
114/10/10 14:00,臺南市安平區永華路二段216號,臺北市,13.2,5.4,32.2,27.9
114/05/06 12:00,高雄市苓雅區四維四路120號,臺北市,1.6,10.3,26.0,18.5
114/05/18 13:00,臺北市內湖區瑞光路451號,臺北市,12.5,15.0,29.3,21.7
114/09/18 15:00,高雄市苓雅區四維四路335號,臺北市,13.3,4.1,30.4,26.3
114/07/06 16:00,新北市板橋區文化路二段346號,臺北市,2.3,1.5,29.3,25.1
114/03/21 15:00,桃園市中壢區中正路225號,臺北市,14.7,8.6,25.2,21.2
114/09/14 10:00,新北市板橋區文化路二段380號,臺北市,4.0,10.1,28.5,20.8
114/06/04 17:00,臺中市西屯區台灣大道三段310號,臺北市,5.5,7.6,25.4,18.7
114/12/03 15:00,桃園市中壢區中正路196號,臺北市,2.3,4.7,32.5,26.9
114/07/28 10:00,新北市板橋區文化路二段497號,臺北市,11.4,6.2,32.6,28.0
114/06/07 16:00,桃園市中壢區中正路395號,臺北市,10.6,3.0,34.8,28.3
114/11/08 09:00,新北市板橋區文化路二段7號,臺北市,12.4,10.5,33.9,28.3
114/11/09 17:00,桃園市中壢區中正路61號,臺北市,1.3,13.0,30.4,24.2
114/06/13 11:00,新竹市東區光復路二段172號,臺北市,5.2,10.1,35.2,27.9
114/06/06 08:00,臺中市西屯區台灣大道三段437號,臺北市,6.3,2.1,33.5,28.3
114/10/11 08:00,桃園市中壢區中正路80號,臺北市,7.4,5.1,32.2,27.1
114/10/24 14:00,臺北市內湖區瑞光路392號,臺北市,3.3,12.5,26.5,22.1
114/09/19 14:00,桃園市中壢區中正路280號,臺北市,2.7,4.8,25.6,18.4
114/07/12 13:00,高雄市苓雅區四維四路363號,臺北市,13.0,7.8,26.0,20.9
114/07/20 13:00,桃園市中壢區中正路407號,臺北市,14.5,4.8,36.0,31.1
114/11/19 09:00,桃園市中壢區中正路285號,臺北市,0.4,2.7,33.9,27.0
114/07/20 08:00,新竹市東區光復路二段190號,臺北市,4.8,10.3,27.6,21.1
114/04/11 17:00,臺北市內湖區瑞光路422號,臺北市,5.4,2.1,31.5,24.8
114/05/19 10:00,臺中市西屯區台灣大道三段279號,臺北市,11.9,8.4,26.2,21.0
114/05/27 14:00,臺南市安平區永華路二段385號,臺北市,1.8,9.5,35.8,28.5
114/04/16 15:00,桃園市中壢區中正路36號,臺北市,12.7,8.3,29.5,23.4
114/09/03 10:00,高雄市苓雅區四維四路379號,臺北市,14.2,6.3,31.8,23.9
114/05/11 16:00,新竹市東區光復路二段233號,臺北市,10.0,2.5,29.6,24.4
114/09/20 09:00,新竹市東區光復路二段375號,臺北市,5.0,1.5,27.5,21.5
114/01/23 14:00,新竹市東區光復路二段388號,臺北市,8.2,3.5,26.9,22.4
114/06/15 11:00,臺南市安平區永華路二段447號,臺北市,10.7,8.6,33.5,28.2
114/04/26 12:00,新竹市東區光復路二段347號,臺北市,3.8,11.5,33.2,28.1
114/02/02 11:00,新北市板橋區文化路二段119號,臺北市,12.7,5.9,32.0,27.5
114/07/19 12:00,新北市板橋區文化路二段225號,臺北市,4.6,7.8,35.8,29.2
114/10/13 15:00,臺北市內湖區瑞光路364號,臺北市,1.0,13.6,27.7,22.3
114/07/04 11:00,臺南市安平區永華路二段19號,臺北市,14.3,2.8,27.2,21.5
114/07/26 16:00,臺南市安平區永華路二段44號,臺北市,12.1,13.1,33.4,26.4
114/03/19 09:00,臺中市西屯區台灣大道三段473號,臺北市,14.1,7.4,30.7,25.1
114/02/15 12:00,新竹市東區光復路二段204號,臺北市,14.0,7.1,27.4,19.6
114/08/14 16:00,高雄市苓雅區四維四路254號,臺北市,12.5,12.1,28.2,20.2
114/09/15 14:00,臺南市安平區永華路二段96號,臺北市,13.8,11.5,32.8,28.4
114/12/10 10:00,臺北市內湖區瑞光路260號,臺北市,4.0,6.5,28.8,20.9
114/05/17 13:00,高雄市苓雅區四維四路245號,臺北市,14.4,13.2,26.7,21.7
114/10/06 15:00,臺北市內湖區瑞光路166號,臺北市,7.7,4.2,27.1,22.3
114/07/25 08:00,新北市板橋區文化路二段166號,臺北市,2.5,13.6,29.3,23.9
114/09/26 10:00,臺中市西屯區台灣大道三段407號,臺北市,1.1,6.4,26.2,20.0
114/09/09 12:00,臺中市西屯區台灣大道三段462號,臺北市,5.9,11.8,29.6,23.7
114/07/13 08:00,臺北市內湖區瑞光路67號,臺北市,10.2,9.1,34.5,30.0
114/02/08 10:00,新北市板橋區文化路二段2號,臺北市,0.6,10.7,31.1,24.5
114/06/17 13:00,高雄市苓雅區四維四路135號,臺北市,4.8,7.0,31.8,26.8
114/12/10 12:00,臺中市西屯區台灣大道三段84號,臺北市,12.5,4.0,34.1,28.9
114/02/08 08:00,新北市板橋區文化路二段281號,臺北市,4.5,13.5,28.9,23.5
114/04/11 12:00,新北市板橋區文化路二段136號,臺北市,4.0,14.3,29.6,24.1
114/08/27 15:00,新竹市東區光復路二段263號,臺北市,10.7,10.2,31.0,24.9
114/10/13 14:00,新北市板橋區文化路二段149號,臺北市,3.2,2.2,31.2,26.1
114/06/24 10:00,新北市板橋區文化路二段297號,臺北市,6.0,9.9,32.1,25.9
114/12/06 14:00,高雄市苓雅區四維四路21號,臺北市,8.9,7.9,26.7,20.0
114/12/04 09:00,新北市板橋區文化路二段381號,臺北市,13.9,14.7,34.6,29.5
114/11/28 17:00,臺南市安平區永華路二段321號,臺北市,12.5,15.0,25.7,21.4
114/05/07 10:00,新北市板橋區文化路二段331號,臺北市,3.0,1.6,25.8,19.9
114/02/24 16:00,桃園市中壢區中正路248號,臺北市,9.6,13.3,30.4,25.9
114/07/21 08:00,高雄市苓雅區四維四路205號,臺北市,12.0,9.6,26.5,21.4
115/10/10 09:00,桃園市中壢區中正路254號,臺北市,4.9,9.4,34.2,29.7
115/08/03 14:00,桃園市中壢區中正路239號,臺北市,8.8,9.3,35.1,29.2
115/03/05 10:00,臺北市內湖區瑞光路51號,臺北市,10.6,3.1,25.4,18.6
115/04/12 15:00,臺南市安平區永華路二段356號,臺北市,8.8,11.0,35.3,28.7
115/07/08 10:00,高雄市苓雅區四維四路137號,臺北市,7.3,3.9,28.4,23.4
115/01/06 11:00,桃園市中壢區中正路486號,臺北市,4.4,14.9,35.0,28.1
115/02/03 17:00,桃園市中壢區中正路283號,臺北市,13.4,14.0,30.9,26.4
115/02/11 17:00,臺北市內湖區瑞光路293號,臺北市,2.9,13.2,32.7,25.7
115/12/23 09:00,桃園市中壢區中正路478號,臺北市,6.3,6.9,30.3,23.3
115/03/13 15:00,桃園市中壢區中正路232號,臺北市,2.2,6.9,31.2,25.9
115/10/15 09:00,臺北市內湖區瑞光路373號,臺北市,3.1,14.0,28.4,22.9
115/12/09 11:00,臺中市西屯區台灣大道三段391號,臺北市,7.1,6.2,28.6,23.5
115/09/14 16:00,新北市板橋區文化路二段470號,臺北市,12.0,2.9,30.6,25.7
115/02/03 15:00,臺北市內湖區瑞光路281號,臺北市,12.4,9.9,35.0,28.0
115/12/23 15:00,臺北市內湖區瑞光路42號,臺北市,6.8,6.1,30.6,24.7
115/10/26 08:00,臺中市西屯區台灣大道三段248號,臺北市,11.5,2.6,27.2,22.2
115/09/11 13:00,新竹市東區光復路二段125號,臺北市,6.3,1.5,34.1,28.0
115/11/28 11:00,高雄市苓雅區四維四路469號,臺北市,6.7,12.6,27.6,20.6
115/11/03 16:00,新北市板橋區文化路二段118號,臺北市,11.8,6.5,28.2,24.1
115/02/22 09:00,桃園市中壢區中正路74號,臺北市,14.4,12.6,30.3,25.2
115/12/14 14:00,新竹市東區光復路二段110號,臺北市,6.6,5.9,34.2,26.8
115/12/15 16:00,臺北市內湖區瑞光路409號,臺北市,5.0,13.6,29.1,23.2
115/12/02 15:00,新竹市東區光復路二段262號,臺北市,6.7,11.3,34.1,27.0
115/06/27 14:00,臺南市安平區永華路二段54號,臺北市,2.0,4.6,34.7,27.2
115/05/01 13:00,桃園市中壢區中正路132號,臺北市,7.1,14.4,32.1,26.5
115/08/16 10:00,臺南市安平區永華路二段76號,臺北市,12.9,12.6,35.8,29.4
115/09/13 12:00,桃園市中壢區中正路76號,臺北市,4.3,3.7,34.4,29.1
115/03/07 11:00,桃園市中壢區中正路434號,臺北市,0.9,6.8,25.7,18.8
115/11/20 15:00,桃園市中壢區中正路103號,臺北市,2.0,4.8,32.1,24.3
115/01/20 11:00,新北市板橋區文化路二段157號,臺北市,7.8,3.6,30.9,23.4
115/12/03 17:00,新竹市東區光復路二段105號,臺北市,0.5,9.0,31.9,24.3
115/09/02 10:00,桃園市中壢區中正路351號,臺北市,5.3,13.3,35.7,28.6
115/11/09 15:00,新竹市東區光復路二段15號,臺北市,9.7,12.8,25.9,19.4
115/04/27 15:00,桃園市中壢區中正路377號,臺北市,8.7,10.5,25.5,18.9
115/03/19 14:00,新竹市東區光復路二段10號,臺北市,0.7,11.2,34.7,29.7
115/12/15 08:00,新竹市東區光復路二段269號,臺北市,10.0,9.5,32.5,25.4
115/05/04 14:00,臺南市安平區永華路二段414號,臺北市,6.8,7.1,32.7,25.6
115/09/28 12:00,新北市板橋區文化路二段281號,臺北市,1.0,10.8,34.0,28.0
115/09/11 10:00,新竹市東區光復路二段401號,臺北市,10.2,12.2,34.9,27.6
115/01/28 14:00,新竹市東區光復路二段466號,臺北市,10.6,4.0,33.5,26.3
115/09/01 11:00,桃園市中壢區中正路436號,臺北市,0.5,3.8,29.4,22.4
115/02/14 13:00,新北市板橋區文化路二段89號,臺北市,0.0,6.2,34.4,27.8
115/06/28 09:00,高雄市苓雅區四維四路321號,臺北市,15.0,8.3,31.3,25.2
115/12/27 16:00,新北市板橋區文化路二段333號,臺北市,13.1,1.2,34.2,26.8
115/02/22 14:00,臺中市西屯區台灣大道三段366號,臺北市,7.8,10.4,33.3,29.0
115/09/04 15:00,臺北市內湖區瑞光路34號,臺北市,8.8,13.6,30.8,23.4
115/07/21 10:00,臺北市內湖區瑞光路468號,臺北市,14.0,4.3,32.6,27.4
115/05/28 08:00,高雄市苓雅區四維四路102號,臺北市,6.5,9.1,35.3,28.8
115/10/25 09:00,高雄市苓雅區四維四路13號,臺北市,12.6,6.2,25.7,21.4
115/09/06 14:00,新北市板橋區文化路二段334號,臺北市,9.4,14.8,31.3,25.6
115/10/19 11:00,臺南市安平區永華路二段86號,臺北市,4.3,13.5,26.7,21.7
115/10/07 12:00,桃園市中壢區中正路376號,臺北市,11.4,7.6,32.4,27.7
115/08/26 17:00,臺南市安平區永華路二段130號,臺北市,4.5,7.7,29.9,23.1
115/02/13 16:00,新北市板橋區文化路二段10號,臺北市,10.3,2.8,34.9,27.0
115/02/03 10:00,臺南市安平區永華路二段184號,臺北市,3.6,8.0,28.3,22.1
115/02/07 17:00,新竹市東區光復路二段435號,臺北市,5.2,5.1,35.2,30.0
115/03/27 09:00,臺南市安平區永華路二段422號,臺北市,8.2,4.7,33.2,28.0
115/05/04 12:00,高雄市苓雅區四維四路255號,臺北市,6.5,11.6,25.9,21.7
115/01/03 11:00,高雄市苓雅區四維四路391號,臺北市,5.5,7.3,26.7,22.2
115/09/22 16:00,臺南市安平區永華路二段61號,臺北市,15.0,10.9,35.6,28.7
115/03/02 12:00,高雄市苓雅區四維四路52號,臺北市,5.5,9.8,28.2,20.7
115/02/09 10:00,新北市板橋區文化路二段456號,臺北市,7.9,11.4,29.9,23.2
115/10/20 08:00,臺北市內湖區瑞光路415號,臺北市,12.3,8.3,31.7,25.3
115/07/28 10:00,臺中市西屯區台灣大道三段163號,臺北市,11.6,4.4,26.0,20.3
115/08/27 10:00,新北市板橋區文化路二段126號,臺北市,10.3,10.2,34.6,28.8
115/11/10 08:00,臺南市安平區永華路二段398號,臺北市,6.7,12.2,28.5,20.9
115/07/20 10:00,新竹市東區光復路二段79號,臺北市,10.8,6.4,26.9,19.9
115/03/24 15:00,臺中市西屯區台灣大道三段320號,臺北市,8.3,10.7,28.1,21.6
115/01/12 08:00,臺中市西屯區台灣大道三段49號,臺北市,8.0,1.2,28.3,22.6
115/12/17 14:00,桃園市中壢區中正路14號,臺北市,12.8,13.4,32.8,28.1
115/03/28 17:00,臺南市安平區永華路二段64號,臺北市,1.9,7.7,32.4,26.9
115/03/22 14:00,臺南市安平區永華路二段435號,臺北市,10.6,3.2,33.9,29.1
115/04/05 09:00,新北市板橋區文化路二段497號,臺北市,0.9,4.9,36.0,29.2
115/06/28 17:00,臺北市內湖區瑞光路330號,臺北市,3.5,10.3,28.2,23.0
115/11/22 17:00,高雄市苓雅區四維四路374號,臺北市,7.5,6.0,32.0,27.0
115/07/08 14:00,桃園市中壢區中正路403號,臺北市,9.9,7.2,33.3,26.0
115/08/17 13:00,新北市板橋區文化路二段60號,臺北市,4.7,12.9,35.8,28.3
115/12/15 10:00,新竹市東區光復路二段114號,臺北市,12.7,4.9,35.8,28.0
115/01/08 16:00,高雄市苓雅區四維四路345號,臺北市,1.6,13.3,33.0,25.8
115/12/12 10:00,臺中市西屯區台灣大道三段358號,臺北市,3.1,8.4,32.8,27.9
115/04/02 14:00,高雄市苓雅區四維四路230號,臺北市,12.4,4.9,33.0,27.5
115/03/12 15:00,臺中市西屯區台灣大道三段251號,臺北市,11.2,11.5,32.5,25.2
115/04/03 09:00,桃園市中壢區中正路496號,臺北市,6.2,2.8,34.1,28.5
115/08/22 10:00,臺中市西屯區台灣大道三段35號,臺北市,7.0,11.7,34.3,29.1
115/07/15 15:00,桃園市中壢區中正路452號,臺北市,3.5,6.7,26.6,18.7
115/01/09 15:00,高雄市苓雅區四維四路324號,臺北市,7.2,13.6,27.1,19.7
115/09/18 11:00,臺北市內湖區瑞光路499號,臺北市,5.2,13.4,28.1,21.4
115/09/11 14:00,臺南市安平區永華路二段392號,臺北市,7.2,6.6,32.4,27.8
115/04/12 17:00,新北市板橋區文化路二段119號,臺北市,8.7,8.4,27.4,20.3
115/11/19 10:00,新竹市東區光復路二段96號,臺北市,9.6,8.1,30.0,22.5
115/05/22 08:00,新竹市東區光復路二段175號,臺北市,8.5,9.8,34.5,27.2
115/09/06 12:00,高雄市苓雅區四維四路162號,臺北市,0.8,6.6,30.2,25.7
115/08/17 14:00,臺中市西屯區台灣大道三段456號,臺北市,10.4,7.0,28.2,21.4
115/10/12 08:00,高雄市苓雅區四維四路12號,臺北市,6.7,14.1,26.6,19.5
115/11/27 10:00,桃園市中壢區中正路387號,臺北市,6.0,4.3,31.9,25.1
115/02/15 15:00,新北市板橋區文化路二段261號,臺北市,5.2,8.3,30.0,24.8
